{
  "dolar": 402.3343,
  "euro": 472.83131604,
  "usdt": 584.98,
  "usdt_promedio_compra": 588.41,
  "usdt_promedio_venta": 558.95,
  "timestamp": 1771579833.4310434,
  "human_date": "2026-02-20 09:30:37"
}