{
  "dolar": 419.9873,
  "euro": 495.60601336,
  "usdt": 607.8,
  "usdt_promedio_compra": 609.39,
  "usdt_promedio_venta": 601.26,
  "timestamp": 1772248072.0646467,
  "human_date": "2026-02-28 03:07:57"
}