{
  "dolar": 405.3518,
  "euro": 476.70587735,
  "usdt": 572.0,
  "usdt_promedio_compra": 574.58,
  "usdt_promedio_venta": 560.95,
  "timestamp": 1771758746.328479,
  "human_date": "2026-02-22 11:12:30"
}