{
  "dolar": 405.3518,
  "euro": 476.70587735,
  "usdt": 573.0,
  "usdt_promedio_compra": 574.49,
  "usdt_promedio_venta": 567.07,
  "timestamp": 1771680888.5311131,
  "human_date": "2026-02-21 13:34:53"
}