{
  "dolar": 382.6318,
  "euro": 451.87667684,
  "usdt": 537.8,
  "timestamp": 1770599312.984936,
  "human_date": "2026-02-09 01:08:34"
}