{
  "dolar": 390.2944,
  "euro": 463.0843056,
  "usdt": 553.0,
  "usdt_promedio_compra": 575.16,
  "usdt_promedio_venta": 531.07,
  "timestamp": 1770885165.7423525,
  "human_date": "2026-02-12 08:32:50"
}