{
  "dolar": 411.0857,
  "euro": 483.91775346,
  "usdt": 614.899,
  "usdt_promedio_compra": 617.78,
  "usdt_promedio_venta": 608.46,
  "timestamp": 1772042006.155373,
  "human_date": "2026-02-25 17:53:30"
}