{
  "dolar": 414.0455,
  "euro": 488.60267318,
  "usdt": 613.99,
  "usdt_promedio_compra": 616.02,
  "usdt_promedio_venta": 610.02,
  "timestamp": 1772141002.6213202,
  "human_date": "2026-02-26 21:23:27"
}