{
  "dolar": 402.3343,
  "euro": 472.83131604,
  "usdt": 583.99,
  "usdt_promedio_compra": 594.52,
  "usdt_promedio_venta": 560.63,
  "timestamp": 1771566263.656071,
  "human_date": "2026-02-20 05:44:28"
}