{
  "dolar": 396.3674,
  "euro": 470.28199275,
  "usdt": 540.0,
  "usdt_promedio_compra": 542.56,
  "usdt_promedio_venta": 532.56,
  "timestamp": 1771204083.7589388,
  "human_date": "2026-02-16 01:08:08"
}