{
  "dolar": 419.9873,
  "euro": 495.60601336,
  "usdt": 607.8,
  "usdt_promedio_compra": 608.96,
  "usdt_promedio_venta": 600.23,
  "timestamp": 1772230381.4289849,
  "human_date": "2026-02-27 22:13:05"
}