{
  "dolar": 417.3579,
  "euro": 493.11253242,
  "usdt": 605.999,
  "usdt_promedio_compra": 609.3,
  "usdt_promedio_venta": 600.27,
  "timestamp": 1772223456.0749133,
  "human_date": "2026-02-27 20:17:40"
}