{
  "dolar": 375.0825,
  "euro": 442.58984835,
  "usdt": 450.0,
  "timestamp": 1770241141.115894,
  "human_date": "2026-02-04 17:39:02"
}