{
  "dolar": 405.3518,
  "euro": 476.70587735,
  "usdt": 572.0,
  "usdt_promedio_compra": 573.59,
  "usdt_promedio_venta": 565.99,
  "timestamp": 1771715624.6084757,
  "human_date": "2026-02-21 23:13:48"
}