{
  "dolar": 419.9873,
  "euro": 495.60601336,
  "usdt": 607.8,
  "usdt_promedio_compra": 609.92,
  "usdt_promedio_venta": 600.13,
  "timestamp": 1772240286.1989815,
  "human_date": "2026-02-28 00:58:10"
}