{
  "dolar": 407.3786,
  "euro": 480.80451886,
  "usdt": 612.0,
  "usdt_promedio_compra": 615.15,
  "usdt_promedio_venta": 604.5,
  "timestamp": 1771952032.9028654,
  "human_date": "2026-02-24 16:53:57"
}