{
  "dolar": 390.2944,
  "euro": 463.0843056,
  "usdt": 550.051,
  "usdt_promedio_compra": 567.84,
  "usdt_promedio_venta": 535.87,
  "timestamp": 1770889002.3205543,
  "human_date": "2026-02-12 09:36:46"
}