{
  "dolar": 405.3518,
  "euro": 476.70587735,
  "usdt": 574.0,
  "usdt_promedio_compra": 576.19,
  "usdt_promedio_venta": 569.12,
  "timestamp": 1771694175.8579662,
  "human_date": "2026-02-21 17:16:20"
}