{
  "dolar": 405.3518,
  "euro": 476.70587735,
  "usdt": 570.0,
  "usdt_promedio_compra": 582.25,
  "usdt_promedio_venta": 545.45,
  "timestamp": 1771839686.4828734,
  "human_date": "2026-02-23 09:41:30"
}