{
  "dolar": 402.3343,
  "euro": 472.83131604,
  "usdt": 585.0,
  "usdt_promedio_compra": 586.91,
  "usdt_promedio_venta": 576.8,
  "timestamp": 1771549444.0383508,
  "human_date": "2026-02-20 01:04:08"
}