{
  "dolar": 390.2944,
  "euro": 463.0843056,
  "usdt": 548.2,
  "usdt_promedio_compra": 549.58,
  "usdt_promedio_venta": 543.85,
  "timestamp": 1770904994.14053,
  "human_date": "2026-02-12 14:03:18"
}