{
  "dolar": 417.3579,
  "euro": 493.11253242,
  "usdt": 614.0,
  "usdt_promedio_compra": 615.17,
  "usdt_promedio_venta": 608.71,
  "timestamp": 1772195536.0013552,
  "human_date": "2026-02-27 12:32:20"
}