{
  "dolar": 405.3518,
  "euro": 476.70587735,
  "usdt": 577.2,
  "usdt_promedio_compra": 578.41,
  "usdt_promedio_venta": 571.22,
  "timestamp": 1771629503.842535,
  "human_date": "2026-02-20 23:18:28"
}