{
  "dolar": 405.3518,
  "euro": 476.70587735,
  "usdt": 571.85,
  "usdt_promedio_compra": 574.51,
  "usdt_promedio_venta": 559.86,
  "timestamp": 1771763007.6839323,
  "human_date": "2026-02-22 12:23:32"
}