{
  "dolar": 417.3579,
  "euro": 493.11253242,
  "usdt": 615.99,
  "usdt_promedio_compra": 619.14,
  "usdt_promedio_venta": 597.52,
  "timestamp": 1772164960.0974052,
  "human_date": "2026-02-27 04:02:44"
}