{
  "dolar": 411.0857,
  "euro": 483.91775346,
  "usdt": 614.9,
  "usdt_promedio_compra": 616.21,
  "usdt_promedio_venta": 606.7,
  "timestamp": 1772048630.7020311,
  "human_date": "2026-02-25 19:43:55"
}