{
  "dolar": 419.9873,
  "euro": 495.60601336,
  "usdt": 607.8,
  "usdt_promedio_compra": 638.81,
  "usdt_promedio_venta": 587.62,
  "timestamp": 1772266560.9042108,
  "human_date": "2026-02-28 08:16:05"
}