{
  "dolar": 407.3786,
  "euro": 480.80451886,
  "usdt": 592.999,
  "usdt_promedio_compra": 596.79,
  "usdt_promedio_venta": 587.02,
  "timestamp": 1771889113.7252526,
  "human_date": "2026-02-23 23:25:18"
}