{
  "dolar": 382.6318,
  "euro": 451.87667684,
  "usdt": 538.45,
  "timestamp": 1770646020.6278055,
  "human_date": "2026-02-09 14:07:02"
}