{
  "dolar": 396.3674,
  "euro": 470.28199275,
  "usdt": 542.0,
  "usdt_promedio_compra": 545.94,
  "usdt_promedio_venta": 528.19,
  "timestamp": 1771238303.1949708,
  "human_date": "2026-02-16 10:38:27"
}