{
  "dolar": 405.3518,
  "euro": 476.70587735,
  "usdt": 564.89,
  "usdt_promedio_compra": 566.01,
  "usdt_promedio_venta": 557.38,
  "timestamp": 1771802084.0150573,
  "human_date": "2026-02-22 23:14:48"
}