{
  "dolar": 396.3674,
  "euro": 470.28199275,
  "usdt": 535.44,
  "usdt_promedio_compra": 568.54,
  "usdt_promedio_venta": 462.67,
  "timestamp": 1771397286.7732928,
  "human_date": "2026-02-18 06:48:11"
}