{
  "dolar": 385.272,
  "euro": 458.8782156,
  "usdt": 550.77,
  "timestamp": 1770759191.9376469,
  "human_date": "2026-02-10 21:33:13"
}