{
  "dolar": 419.9873,
  "euro": 495.60601336,
  "usdt": 607.8,
  "usdt_promedio_compra": 612.56,
  "usdt_promedio_venta": 599.92,
  "timestamp": 1772277006.0570867,
  "human_date": "2026-02-28 11:10:11"
}