{
  "dolar": 381.1074,
  "euro": 449.85917496,
  "usdt": 543.09,
  "timestamp": 1770354608.1608262,
  "human_date": "2026-02-06 05:10:09"
}