{
  "dolar": 405.3518,
  "euro": 476.70587735,
  "usdt": 574.0,
  "usdt_promedio_compra": 574.71,
  "usdt_promedio_venta": 567.93,
  "timestamp": 1771683339.923208,
  "human_date": "2026-02-21 14:15:44"
}