{
  "dolar": 411.0857,
  "euro": 483.91775346,
  "usdt": 623.398,
  "usdt_promedio_compra": 669.38,
  "usdt_promedio_venta": 599.46,
  "timestamp": 1772002160.1623719,
  "human_date": "2026-02-25 06:49:24"
}