{
  "dolar": 385.272,
  "euro": 458.8782156,
  "usdt": 547.5,
  "timestamp": 1770720166.6895404,
  "human_date": "2026-02-10 10:42:48"
}