{
  "dolar": 405.3518,
  "euro": 476.70587735,
  "usdt": 570.5,
  "usdt_promedio_compra": 581.76,
  "usdt_promedio_venta": 541.62,
  "timestamp": 1771830144.9917834,
  "human_date": "2026-02-23 07:02:29"
}