{
  "dolar": 405.3518,
  "euro": 476.70587735,
  "usdt": 574.5,
  "usdt_promedio_compra": 578.49,
  "usdt_promedio_venta": 560.87,
  "timestamp": 1771650062.4192522,
  "human_date": "2026-02-21 05:01:06"
}