{
  "dolar": 405.3518,
  "euro": 476.70587735,
  "usdt": 573.001,
  "usdt_promedio_compra": 577.31,
  "usdt_promedio_venta": 569.7,
  "timestamp": 1771855225.2463415,
  "human_date": "2026-02-23 14:00:29"
}