{
  "dolar": 385.272,
  "euro": 458.8782156,
  "usdt": 544.9,
  "timestamp": 1770727480.613757,
  "human_date": "2026-02-10 12:44:41"
}