{
  "dolar": 382.6318,
  "euro": 451.87667684,
  "usdt": 546.9,
  "timestamp": 1770426089.621564,
  "human_date": "2026-02-07 01:01:31"
}