{
  "dolar": 381.1074,
  "euro": 449.85917496,
  "usdt": 549.8,
  "timestamp": 1770388440.1595569,
  "human_date": "2026-02-06 14:34:01"
}