{
  "dolar": 388.7394,
  "euro": 462.78259351,
  "usdt": 549.9,
  "timestamp": 1770832180.1146042,
  "human_date": "2026-02-11 17:49:41"
}