{
  "dolar": 396.3674,
  "euro": 470.28199275,
  "usdt": 550.7,
  "usdt_promedio_compra": 553.9,
  "usdt_promedio_venta": 544.85,
  "timestamp": 1771436748.2856617,
  "human_date": "2026-02-18 17:45:53"
}