{
  "dolar": 396.3674,
  "euro": 470.28199275,
  "usdt": 537.0,
  "usdt_promedio_compra": 538.8,
  "usdt_promedio_venta": 532.03,
  "timestamp": 1771183038.0596323,
  "human_date": "2026-02-15 19:17:22"
}