{
  "dolar": 398.7456,
  "euro": 471.4169856,
  "usdt": 574.0,
  "usdt_promedio_compra": 578.12,
  "usdt_promedio_venta": 555.46,
  "timestamp": 1771497141.013012,
  "human_date": "2026-02-19 10:32:25"
}