{
  "dolar": 414.0455,
  "euro": 488.60267318,
  "usdt": 614.888,
  "usdt_promedio_compra": 616.63,
  "usdt_promedio_venta": 605.64,
  "timestamp": 1772105510.8768935,
  "human_date": "2026-02-26 11:31:55"
}