{
  "dolar": 407.3786,
  "euro": 480.80451886,
  "usdt": 603.0,
  "usdt_promedio_compra": 606.26,
  "usdt_promedio_venta": 596.21,
  "timestamp": 1771936630.256062,
  "human_date": "2026-02-24 12:37:14"
}