{
  "dolar": 390.2944,
  "euro": 463.0843056,
  "usdt": 545.1,
  "usdt_promedio_compra": 546.76,
  "usdt_promedio_venta": 539.08,
  "timestamp": 1770914677.6178346,
  "human_date": "2026-02-12 16:44:42"
}