{
  "dolar": 405.3518,
  "euro": 476.70587735,
  "usdt": 574.49,
  "usdt_promedio_compra": 576.74,
  "usdt_promedio_venta": 569.6,
  "timestamp": 1771701359.580392,
  "human_date": "2026-02-21 19:16:03"
}