{
  "dolar": 407.3786,
  "euro": 480.80451886,
  "usdt": 599.1,
  "usdt_promedio_compra": 630.54,
  "usdt_promedio_venta": 580.48,
  "timestamp": 1771918955.8750093,
  "human_date": "2026-02-24 07:42:40"
}