{
  "dolar": 414.0455,
  "euro": 488.60267318,
  "usdt": 615.7,
  "usdt_promedio_compra": 627.68,
  "usdt_promedio_venta": 601.29,
  "timestamp": 1772085019.852008,
  "human_date": "2026-02-26 05:50:24"
}