{
  "dolar": 385.272,
  "euro": 458.8782156,
  "usdt": 551.951,
  "timestamp": 1770753277.3019567,
  "human_date": "2026-02-10 19:54:38"
}