{
  "dolar": 407.3786,
  "euro": 480.80451886,
  "usdt": 602.0,
  "usdt_promedio_compra": 605.67,
  "usdt_promedio_venta": 589.94,
  "timestamp": 1771929413.459897,
  "human_date": "2026-02-24 10:36:58"
}