{
  "dolar": 385.272,
  "euro": 458.8782156,
  "usdt": 549.0,
  "timestamp": 1770686221.0026953,
  "human_date": "2026-02-10 01:17:02"
}