{
  "dolar": 414.0455,
  "euro": 488.60267318,
  "usdt": 612.977,
  "usdt_promedio_compra": 614.77,
  "usdt_promedio_venta": 606.41,
  "timestamp": 1772061569.1763487,
  "human_date": "2026-02-25 23:19:34"
}