{
  "dolar": 405.3518,
  "euro": 476.70587735,
  "usdt": 567.75,
  "usdt_promedio_compra": 568.87,
  "usdt_promedio_venta": 558.74,
  "timestamp": 1771776970.1520011,
  "human_date": "2026-02-22 16:16:14"
}