{
  "dolar": 405.3518,
  "euro": 476.70587735,
  "usdt": 587.3,
  "usdt_promedio_compra": 589.2,
  "usdt_promedio_venta": 580.65,
  "timestamp": 1771878754.658203,
  "human_date": "2026-02-23 20:32:39"
}