{
  "dolar": 382.6318,
  "euro": 451.87667684,
  "usdt": 545.0,
  "timestamp": 1770651793.8886116,
  "human_date": "2026-02-09 15:43:14"
}