{
  "dolar": 396.3674,
  "euro": 470.28199275,
  "usdt": 531.997,
  "usdt_promedio_compra": 533.15,
  "usdt_promedio_venta": 526.28,
  "timestamp": 1771089430.5978937,
  "human_date": "2026-02-14 17:17:15"
}