{
  "dolar": 419.9873,
  "euro": 495.60601336,
  "usdt": 605.5,
  "usdt_promedio_compra": 608.08,
  "usdt_promedio_venta": 598.33,
  "timestamp": 1772227115.626331,
  "human_date": "2026-02-27 21:18:40"
}