{
  "dolar": 382.6318,
  "euro": 451.87667684,
  "usdt": 547.0,
  "timestamp": 1770658902.8772438,
  "human_date": "2026-02-09 17:41:43"
}