{
  "dolar": 382.6318,
  "euro": 451.87667684,
  "usdt": 545.0,
  "timestamp": 1770616845.9293184,
  "human_date": "2026-02-09 06:00:47"
}