{
  "dolar": 407.3786,
  "euro": 480.80451886,
  "usdt": 619.8,
  "usdt_promedio_compra": 622.6,
  "usdt_promedio_venta": 612.29,
  "timestamp": 1771964564.1089323,
  "human_date": "2026-02-24 20:22:48"
}