{
  "dolar": 388.7394,
  "euro": 462.78259351,
  "usdt": 551.0,
  "timestamp": 1770772521.857447,
  "human_date": "2026-02-11 01:15:23"
}