{
  "dolar": 396.3674,
  "euro": 470.28199275,
  "usdt": 534.0,
  "usdt_promedio_compra": 536.31,
  "usdt_promedio_venta": 522.49,
  "timestamp": 1771041589.3830469,
  "human_date": "2026-02-14 03:59:53"
}