{
  "dolar": 414.0455,
  "euro": 488.60267318,
  "usdt": 615.69,
  "usdt_promedio_compra": 629.73,
  "usdt_promedio_venta": 598.77,
  "timestamp": 1772094790.164363,
  "human_date": "2026-02-26 08:33:14"
}