{
  "dolar": 396.3674,
  "euro": 470.28199275,
  "usdt": 535.5,
  "usdt_promedio_compra": 539.01,
  "usdt_promedio_venta": 528.86,
  "timestamp": 1771162676.9630148,
  "human_date": "2026-02-15 13:38:01"
}