{
  "dolar": 388.7394,
  "euro": 462.78259351,
  "usdt": 551.0,
  "timestamp": 1770783620.514153,
  "human_date": "2026-02-11 04:20:21"
}