{
  "dolar": 402.3343,
  "euro": 472.83131604,
  "usdt": 583.4,
  "usdt_promedio_compra": 592.44,
  "usdt_promedio_venta": 552.91,
  "timestamp": 1771576107.1648495,
  "human_date": "2026-02-20 08:28:31"
}