{
  "dolar": 411.0857,
  "euro": 483.91775346,
  "usdt": 622.7,
  "usdt_promedio_compra": 628.93,
  "usdt_promedio_venta": 615.66,
  "timestamp": 1772019156.2176826,
  "human_date": "2026-02-25 11:32:40"
}