{
  "dolar": 419.9873,
  "euro": 495.60601336,
  "usdt": 607.5,
  "usdt_promedio_compra": 608.25,
  "usdt_promedio_venta": 601.2,
  "timestamp": 1772295231.888196,
  "human_date": "2026-02-28 16:13:56"
}