{
  "dolar": 382.6318,
  "euro": 451.87667684,
  "usdt": 543.0,
  "timestamp": 1770560307.7241986,
  "human_date": "2026-02-08 14:18:28"
}