{
  "dolar": 388.7394,
  "euro": 462.78259351,
  "usdt": 549.977,
  "timestamp": 1770813625.5536983,
  "human_date": "2026-02-11 12:40:27"
}