{
  "dolar": 382.6318,
  "euro": 451.87667684,
  "usdt": 550.0,
  "timestamp": 1770455997.1591418,
  "human_date": "2026-02-07 09:19:58"
}