{
  "dolar": 405.3518,
  "euro": 476.70587735,
  "usdt": 570.0,
  "usdt_promedio_compra": 582.38,
  "usdt_promedio_venta": 545.73,
  "timestamp": 1771826315.5399628,
  "human_date": "2026-02-23 05:58:39"
}