{
  "dolar": 378.4582,
  "euro": 447.21648577,
  "usdt": 531.0,
  "timestamp": 1770296171.0190136,
  "human_date": "2026-02-05 12:56:12"
}