{
  "dolar": 417.3579,
  "euro": 493.11253242,
  "usdt": 614.0,
  "usdt_promedio_compra": 615.67,
  "usdt_promedio_venta": 609.33,
  "timestamp": 1772147968.8798177,
  "human_date": "2026-02-26 23:19:33"
}