{
  "dolar": 407.3786,
  "euro": 480.80451886,
  "usdt": 621.8,
  "usdt_promedio_compra": 628.3,
  "usdt_promedio_venta": 616.48,
  "timestamp": 1771958672.0368776,
  "human_date": "2026-02-24 18:44:36"
}