{
  "dolar": 381.1074,
  "euro": 449.85917496,
  "usdt": 543.09,
  "timestamp": 1770366523.9207478,
  "human_date": "2026-02-06 08:28:45"
}