{
  "dolar": 419.9873,
  "euro": 495.60601336,
  "usdt": 607.4,
  "usdt_promedio_compra": 608.02,
  "usdt_promedio_venta": 600.87,
  "timestamp": 1772305979.8475702,
  "human_date": "2026-02-28 19:13:04"
}