{
  "dolar": 382.6318,
  "euro": 451.87667684,
  "usdt": 550.0,
  "timestamp": 1770477262.7207193,
  "human_date": "2026-02-07 15:14:24"
}