{
  "dolar": 405.3518,
  "euro": 476.70587735,
  "usdt": 575.0,
  "usdt_promedio_compra": 576.51,
  "usdt_promedio_venta": 568.91,
  "timestamp": 1771704745.7031941,
  "human_date": "2026-02-21 20:12:30"
}