{
  "dolar": 396.3674,
  "euro": 470.28199275,
  "usdt": 536.0,
  "usdt_promedio_compra": 537.8,
  "usdt_promedio_venta": 531.32,
  "timestamp": 1771252781.8729138,
  "human_date": "2026-02-16 14:39:46"
}