{
  "dolar": 402.3343,
  "euro": 472.83131604,
  "usdt": 577.0,
  "usdt_promedio_compra": 580.7,
  "usdt_promedio_venta": 570.39,
  "timestamp": 1771595559.0377822,
  "human_date": "2026-02-20 13:52:43"
}