{
  "dolar": 390.2944,
  "euro": 463.0843056,
  "usdt": 543.3,
  "usdt_promedio_compra": 545.52,
  "usdt_promedio_venta": 536.99,
  "timestamp": 1770921906.9503362,
  "human_date": "2026-02-12 18:45:11"
}