{
  "dolar": 398.7456,
  "euro": 471.4169856,
  "usdt": 564.999,
  "usdt_promedio_compra": 570.53,
  "usdt_promedio_venta": 561.58,
  "timestamp": 1771509673.4811707,
  "human_date": "2026-02-19 14:01:18"
}