{
  "dolar": 382.6318,
  "euro": 451.87667684,
  "usdt": 549.3,
  "timestamp": 1770662516.684081,
  "human_date": "2026-02-09 18:41:58"
}