{
  "dolar": 407.3786,
  "euro": 480.80451886,
  "usdt": 603.0,
  "usdt_promedio_compra": 609.03,
  "usdt_promedio_venta": 593.13,
  "timestamp": 1771932730.6484814,
  "human_date": "2026-02-24 11:32:15"
}