{
  "dolar": 414.0455,
  "euro": 488.60267318,
  "usdt": 615.69,
  "usdt_promedio_compra": 626.6,
  "usdt_promedio_venta": 598.19,
  "timestamp": 1772098658.1001737,
  "human_date": "2026-02-26 09:37:42"
}