{
  "dolar": 405.3518,
  "euro": 476.70587735,
  "usdt": 575.15,
  "usdt_promedio_compra": 581.11,
  "usdt_promedio_venta": 560.18,
  "timestamp": 1771668857.1682632,
  "human_date": "2026-02-21 10:14:21"
}