{
  "dolar": 396.3674,
  "euro": 470.28199275,
  "usdt": 535.0,
  "usdt_promedio_compra": 537.85,
  "usdt_promedio_venta": 532.6,
  "timestamp": 1771280190.12893,
  "human_date": "2026-02-16 22:16:34"
}