{
  "dolar": 407.3786,
  "euro": 480.80451886,
  "usdt": 599.1,
  "usdt_promedio_compra": 634.36,
  "usdt_promedio_venta": 583.17,
  "timestamp": 1771915516.949534,
  "human_date": "2026-02-24 06:45:21"
}