{
  "dolar": 405.3518,
  "euro": 476.70587735,
  "usdt": 573.999,
  "usdt_promedio_compra": 576.08,
  "usdt_promedio_venta": 569.53,
  "timestamp": 1771697958.7349834,
  "human_date": "2026-02-21 18:19:22"
}