{
  "dolar": 382.6318,
  "euro": 451.87667684,
  "usdt": 545.0,
  "timestamp": 1770630497.940183,
  "human_date": "2026-02-09 09:48:19"
}