{
  "dolar": 411.0857,
  "euro": 483.91775346,
  "usdt": 617.989,
  "usdt_promedio_compra": 619.97,
  "usdt_promedio_venta": 610.91,
  "timestamp": 1772023013.450185,
  "human_date": "2026-02-25 12:36:57"
}