{
  "dolar": 402.3343,
  "euro": 472.83131604,
  "usdt": 585.099,
  "usdt_promedio_compra": 586.65,
  "usdt_promedio_venta": 567.23,
  "timestamp": 1771560285.473628,
  "human_date": "2026-02-20 04:04:49"
}