{
  "dolar": 396.3674,
  "euro": 470.28199275,
  "usdt": 535.5,
  "usdt_promedio_compra": 551.57,
  "usdt_promedio_venta": 487.44,
  "timestamp": 1771317133.216064,
  "human_date": "2026-02-17 08:32:17"
}