{
  "dolar": 398.7456,
  "euro": 471.4169856,
  "usdt": 577.22,
  "usdt_promedio_compra": 578.54,
  "usdt_promedio_venta": 572.06,
  "timestamp": 1771526266.931037,
  "human_date": "2026-02-19 18:37:51"
}