{
  "dolar": 396.3674,
  "euro": 470.28199275,
  "usdt": 536.0,
  "usdt_promedio_compra": 536.85,
  "usdt_promedio_venta": 530.73,
  "timestamp": 1771346621.891077,
  "human_date": "2026-02-17 16:43:46"
}