{
  "dolar": 417.3579,
  "euro": 493.11253242,
  "usdt": 610.3,
  "usdt_promedio_compra": 611.53,
  "usdt_promedio_venta": 603.66,
  "timestamp": 1772209662.1767228,
  "human_date": "2026-02-27 16:27:46"
}