{
  "dolar": 382.6318,
  "euro": 451.87667684,
  "usdt": 544.68,
  "timestamp": 1770610503.773436,
  "human_date": "2026-02-09 04:15:04"
}