{
  "dolar": 396.3674,
  "euro": 470.28199275,
  "usdt": 536.0,
  "usdt_promedio_compra": 537.12,
  "usdt_promedio_venta": 530.31,
  "timestamp": 1771339544.0866303,
  "human_date": "2026-02-17 14:45:48"
}