{
  "dolar": 396.3674,
  "euro": 470.28199275,
  "usdt": 533.951,
  "usdt_promedio_compra": 535.66,
  "usdt_promedio_venta": 528.43,
  "timestamp": 1771359891.2064059,
  "human_date": "2026-02-17 20:24:55"
}