{
  "dolar": 405.3518,
  "euro": 476.70587735,
  "usdt": 568.5,
  "usdt_promedio_compra": 570.62,
  "usdt_promedio_venta": 561.27,
  "timestamp": 1771767391.2048101,
  "human_date": "2026-02-22 13:36:35"
}