{
  "dolar": 393.2216,
  "euro": 467.33207495,
  "usdt": 532.999,
  "usdt_promedio_compra": 534.43,
  "usdt_promedio_venta": 525.34,
  "timestamp": 1771014273.897091,
  "human_date": "2026-02-13 20:24:38"
}