{
  "dolar": 396.3674,
  "euro": 470.28199275,
  "usdt": 534.49,
  "usdt_promedio_compra": 535.95,
  "usdt_promedio_venta": 524.74,
  "timestamp": 1771158273.533185,
  "human_date": "2026-02-15 12:24:38"
}