{
  "dolar": 381.1074,
  "euro": 449.85917496,
  "usdt": 553.99,
  "timestamp": 1770406251.8636463,
  "human_date": "2026-02-06 19:30:53"
}