{
  "dolar": 385.272,
  "euro": 458.8782156,
  "usdt": 549.9,
  "timestamp": 1770749508.1566553,
  "human_date": "2026-02-10 18:51:49"
}