{
  "dolar": 417.3579,
  "euro": 493.11253242,
  "usdt": 618.0,
  "usdt_promedio_compra": 629.6,
  "usdt_promedio_venta": 591.43,
  "timestamp": 1772177884.8481514,
  "human_date": "2026-02-27 07:38:09"
}