{
  "dolar": 390.2944,
  "euro": 463.0843056,
  "usdt": 553.0,
  "usdt_promedio_compra": 559.81,
  "usdt_promedio_venta": 536.3,
  "timestamp": 1770869592.566336,
  "human_date": "2026-02-12 04:13:17"
}