{
  "dolar": 393.2216,
  "euro": 467.33207495,
  "usdt": 537.5,
  "usdt_promedio_compra": 539.38,
  "usdt_promedio_venta": 532.3,
  "timestamp": 1770993251.507759,
  "human_date": "2026-02-13 14:34:15"
}