{
  "dolar": 396.3674,
  "euro": 470.28199275,
  "usdt": 534.49,
  "usdt_promedio_compra": 555.56,
  "usdt_promedio_venta": 513.36,
  "timestamp": 1771050663.3576632,
  "human_date": "2026-02-14 06:31:07"
}