{
  "dolar": 405.3518,
  "euro": 476.70587735,
  "usdt": 570.0,
  "usdt_promedio_compra": 580.7,
  "usdt_promedio_venta": 543.0,
  "timestamp": 1771819915.841918,
  "human_date": "2026-02-23 04:12:00"
}