{
  "dolar": 405.3518,
  "euro": 476.70587735,
  "usdt": 572.8,
  "usdt_promedio_compra": 573.48,
  "usdt_promedio_venta": 568.22,
  "timestamp": 1771686866.190524,
  "human_date": "2026-02-21 15:14:31"
}