{
  "dolar": 381.1074,
  "euro": 449.85917496,
  "usdt": 544.22,
  "timestamp": 1770386034.8269503,
  "human_date": "2026-02-06 13:53:56"
}