{
  "dolar": 396.3674,
  "euro": 470.28199275,
  "usdt": 533.3,
  "usdt_promedio_compra": 544.19,
  "usdt_promedio_venta": 510.54,
  "timestamp": 1771128680.708059,
  "human_date": "2026-02-15 04:11:25"
}