{
  "dolar": 398.7456,
  "euro": 471.4169856,
  "usdt": 577.9,
  "usdt_promedio_compra": 578.56,
  "usdt_promedio_venta": 571.08,
  "timestamp": 1771519143.0881598,
  "human_date": "2026-02-19 16:39:07"
}