{
  "dolar": 402.3343,
  "euro": 472.83131604,
  "usdt": 572.0,
  "usdt_promedio_compra": 575.8,
  "usdt_promedio_venta": 569.64,
  "timestamp": 1771612268.339613,
  "human_date": "2026-02-20 18:31:13"
}