{
  "dolar": 382.6318,
  "euro": 451.87667684,
  "usdt": 554.4,
  "timestamp": 1770415942.718029,
  "human_date": "2026-02-06 22:12:24"
}