{
  "dolar": 382.6318,
  "euro": 451.87667684,
  "usdt": 549.0,
  "timestamp": 1770471369.0953662,
  "human_date": "2026-02-07 13:36:10"
}