{
  "dolar": 393.2216,
  "euro": 467.33207495,
  "usdt": 534.0,
  "usdt_promedio_compra": 535.68,
  "usdt_promedio_venta": 526.64,
  "timestamp": 1771011263.7686598,
  "human_date": "2026-02-13 19:34:28"
}