{
  "dolar": 381.1074,
  "euro": 449.85917496,
  "usdt": 542.0,
  "timestamp": 1770359954.3929205,
  "human_date": "2026-02-06 06:39:15"
}