{
  "dolar": 396.3674,
  "euro": 470.28199275,
  "usdt": 537.9,
  "usdt_promedio_compra": 539.38,
  "usdt_promedio_venta": 531.2,
  "timestamp": 1771186411.0252717,
  "human_date": "2026-02-15 20:13:35"
}