{
  "dolar": 393.2216,
  "euro": 467.33207495,
  "usdt": 545.9,
  "usdt_promedio_compra": 549.08,
  "usdt_promedio_venta": 508.3,
  "timestamp": 1770971415.9330807,
  "human_date": "2026-02-13 08:30:20"
}