{
  "dolar": 411.0857,
  "euro": 483.91775346,
  "usdt": 617.799,
  "usdt_promedio_compra": 618.99,
  "usdt_promedio_venta": 610.47,
  "timestamp": 1772045412.1518235,
  "human_date": "2026-02-25 18:50:16"
}