{
  "dolar": 405.3518,
  "euro": 476.70587735,
  "usdt": 567.599,
  "usdt_promedio_compra": 572.15,
  "usdt_promedio_venta": 560.03,
  "timestamp": 1771846314.8915575,
  "human_date": "2026-02-23 11:31:59"
}