{
  "dolar": 396.3674,
  "euro": 470.28199275,
  "usdt": 536.0,
  "usdt_promedio_compra": 537.7,
  "usdt_promedio_venta": 529.9,
  "timestamp": 1771255881.4316485,
  "human_date": "2026-02-16 15:31:25"
}