{
  "dolar": 390.2944,
  "euro": 463.0843056,
  "usdt": 550.55,
  "usdt_promedio_compra": 553.39,
  "usdt_promedio_venta": 546.29,
  "timestamp": 1770895906.347078,
  "human_date": "2026-02-12 11:31:51"
}