{
  "dolar": 398.7456,
  "euro": 471.4169856,
  "usdt": 563.8,
  "usdt_promedio_compra": 566.14,
  "usdt_promedio_venta": 556.0,
  "timestamp": 1771449978.4953141,
  "human_date": "2026-02-18 21:26:23"
}