{
  "dolar": 393.2216,
  "euro": 467.33207495,
  "usdt": 534.0,
  "usdt_promedio_compra": 535.8,
  "usdt_promedio_venta": 528.26,
  "timestamp": 1771007431.9977503,
  "human_date": "2026-02-13 18:30:36"
}