{
  "dolar": 405.3518,
  "euro": 476.70587735,
  "usdt": 573.409,
  "usdt_promedio_compra": 577.31,
  "usdt_promedio_venta": 560.58,
  "timestamp": 1771672369.5579524,
  "human_date": "2026-02-21 11:12:54"
}