{
  "dolar": 396.3674,
  "euro": 470.28199275,
  "usdt": 534.2,
  "usdt_promedio_compra": 535.22,
  "usdt_promedio_venta": 526.52,
  "timestamp": 1771418090.4770017,
  "human_date": "2026-02-18 12:34:54"
}