{
  "dolar": 396.3674,
  "euro": 470.28199275,
  "usdt": 538.99,
  "usdt_promedio_compra": 542.19,
  "usdt_promedio_venta": 532.05,
  "timestamp": 1771175772.3395357,
  "human_date": "2026-02-15 17:16:17"
}