{
  "dolar": 390.2944,
  "euro": 463.0843056,
  "usdt": 550.051,
  "usdt_promedio_compra": 558.46,
  "usdt_promedio_venta": 545.77,
  "timestamp": 1770892404.3464422,
  "human_date": "2026-02-12 10:33:28"
}