{
  "dolar": 411.0857,
  "euro": 483.91775346,
  "usdt": 613.0,
  "usdt_promedio_compra": 614.81,
  "usdt_promedio_venta": 605.53,
  "timestamp": 1772038628.5297716,
  "human_date": "2026-02-25 16:57:13"
}