{
  "dolar": 414.0455,
  "euro": 488.60267318,
  "usdt": 614.397,
  "usdt_promedio_compra": 615.26,
  "usdt_promedio_venta": 607.04,
  "timestamp": 1772067836.6955972,
  "human_date": "2026-02-26 01:04:01"
}