{
  "dolar": 382.6318,
  "euro": 451.87667684,
  "usdt": 545.5,
  "timestamp": 1770656767.4556296,
  "human_date": "2026-02-09 17:06:08"
}