{
  "dolar": 407.3786,
  "euro": 480.80451886,
  "usdt": 598.6,
  "usdt_promedio_compra": 601.77,
  "usdt_promedio_venta": 590.53,
  "timestamp": 1771895116.2938304,
  "human_date": "2026-02-24 01:05:21"
}