{
  "dolar": 414.0455,
  "euro": 488.60267318,
  "usdt": 614.0,
  "usdt_promedio_compra": 614.62,
  "usdt_promedio_venta": 608.7,
  "timestamp": 1772114544.670367,
  "human_date": "2026-02-26 14:02:28"
}