{
  "dolar": 396.3674,
  "euro": 470.28199275,
  "usdt": 532.836,
  "usdt_promedio_compra": 534.5,
  "usdt_promedio_venta": 525.87,
  "timestamp": 1771017916.145401,
  "human_date": "2026-02-13 21:25:21"
}