{
  "dolar": 396.3674,
  "euro": 470.28199275,
  "usdt": 532.0,
  "usdt_promedio_compra": 533.77,
  "usdt_promedio_venta": 528.07,
  "timestamp": 1771093104.4893358,
  "human_date": "2026-02-14 18:18:29"
}