{
  "dolar": 414.0455,
  "euro": 488.60267318,
  "usdt": 615.7,
  "usdt_promedio_compra": 628.53,
  "usdt_promedio_venta": 600.63,
  "timestamp": 1772088283.4443367,
  "human_date": "2026-02-26 06:44:47"
}