{
  "dolar": 407.3786,
  "euro": 480.80451886,
  "usdt": 603.9,
  "usdt_promedio_compra": 606.12,
  "usdt_promedio_venta": 597.42,
  "timestamp": 1771941776.1248481,
  "human_date": "2026-02-24 14:03:01"
}