{
  "dolar": 414.0455,
  "euro": 488.60267318,
  "usdt": 615.4,
  "usdt_promedio_compra": 624.56,
  "usdt_promedio_venta": 604.35,
  "timestamp": 1772078723.0107076,
  "human_date": "2026-02-26 04:05:27"
}