{
  "dolar": 405.3518,
  "euro": 476.70587735,
  "usdt": 572.0,
  "usdt_promedio_compra": 586.65,
  "usdt_promedio_venta": 548.87,
  "timestamp": 1771748315.1818855,
  "human_date": "2026-02-22 08:18:39"
}