{
  "dolar": 405.3518,
  "euro": 476.70587735,
  "usdt": 565.0,
  "usdt_promedio_compra": 567.18,
  "usdt_promedio_venta": 558.99,
  "timestamp": 1771798356.4467404,
  "human_date": "2026-02-22 22:12:40"
}