{
  "dolar": 419.9873,
  "euro": 495.60601336,
  "usdt": 606.0,
  "usdt_promedio_compra": 608.55,
  "usdt_promedio_venta": 600.28,
  "timestamp": 1772285401.8173864,
  "human_date": "2026-02-28 13:30:06"
}