{
  "dolar": 396.3674,
  "euro": 470.28199275,
  "usdt": 535.5,
  "usdt_promedio_compra": 584.79,
  "usdt_promedio_venta": 478.37,
  "timestamp": 1771314143.0559046,
  "human_date": "2026-02-17 07:42:27"
}