{
  "dolar": 393.2216,
  "euro": 467.33207495,
  "usdt": 545.7,
  "usdt_promedio_compra": 549.66,
  "usdt_promedio_venta": 509.79,
  "timestamp": 1770961937.3478405,
  "human_date": "2026-02-13 05:52:21"
}