{
  "dolar": 396.3674,
  "euro": 470.28199275,
  "usdt": 535.44,
  "usdt_promedio_compra": 568.54,
  "usdt_promedio_venta": 478.06,
  "timestamp": 1771394003.284779,
  "human_date": "2026-02-18 05:53:27"
}