{
  "dolar": 405.3518,
  "euro": 476.70587735,
  "usdt": 571.5,
  "usdt_promedio_compra": 572.46,
  "usdt_promedio_venta": 565.71,
  "timestamp": 1771722411.6310656,
  "human_date": "2026-02-22 01:06:56"
}