{
  "dolar": 405.3518,
  "euro": 476.70587735,
  "usdt": 599.899,
  "usdt_promedio_compra": 605.03,
  "usdt_promedio_venta": 589.39,
  "timestamp": 1771882431.7366002,
  "human_date": "2026-02-23 21:33:55"
}