{
  "dolar": 390.2944,
  "euro": 463.0843056,
  "usdt": 548.0,
  "usdt_promedio_compra": 551.53,
  "usdt_promedio_venta": 545.47,
  "timestamp": 1770852192.3068185,
  "human_date": "2026-02-11 23:23:16"
}