{
  "dolar": 402.3343,
  "euro": 472.83131604,
  "usdt": 573.8,
  "usdt_promedio_compra": 576.04,
  "usdt_promedio_venta": 567.06,
  "timestamp": 1771608515.2974014,
  "human_date": "2026-02-20 17:28:39"
}