{
  "dolar": 381.1074,
  "euro": 449.85917496,
  "usdt": 543.5,
  "timestamp": 1770377117.039428,
  "human_date": "2026-02-06 11:25:21"
}