{
  "dolar": 417.3579,
  "euro": 493.11253242,
  "usdt": 613.6,
  "usdt_promedio_compra": 616.56,
  "usdt_promedio_venta": 607.75,
  "timestamp": 1772191425.8874726,
  "human_date": "2026-02-27 11:23:50"
}