{
  "dolar": 419.9873,
  "euro": 495.60601336,
  "usdt": 605.0,
  "usdt_promedio_compra": 607.67,
  "usdt_promedio_venta": 600.13,
  "timestamp": 1772287961.040797,
  "human_date": "2026-02-28 14:12:45"
}