{
  "dolar": 390.2944,
  "euro": 463.0843056,
  "usdt": 549.0,
  "usdt_promedio_compra": 550.98,
  "usdt_promedio_venta": 545.11,
  "timestamp": 1770899853.8298337,
  "human_date": "2026-02-12 12:37:38"
}