{
  "dolar": 419.9873,
  "euro": 495.60601336,
  "usdt": 607.8,
  "usdt_promedio_compra": 609.09,
  "usdt_promedio_venta": 599.85,
  "timestamp": 1772234063.3628035,
  "human_date": "2026-02-27 23:14:28"
}