{
  "dolar": 419.9873,
  "euro": 495.60601336,
  "usdt": 607.34,
  "usdt_promedio_compra": 608.39,
  "usdt_promedio_venta": 601.26,
  "timestamp": 1772291511.1110013,
  "human_date": "2026-02-28 15:11:55"
}