{
  "dolar": 388.7394,
  "euro": 462.78259351,
  "usdt": 550.8,
  "timestamp": 1770845081.8326974,
  "human_date": "2026-02-11 21:24:43"
}