{
  "dolar": 382.6318,
  "euro": 451.87667684,
  "usdt": 542.2,
  "timestamp": 1770488330.924229,
  "human_date": "2026-02-07 18:18:52"
}