{
  "dolar": 396.3674,
  "euro": 470.28199275,
  "usdt": 535.95,
  "usdt_promedio_compra": 536.79,
  "usdt_promedio_venta": 530.34,
  "timestamp": 1771350380.4097807,
  "human_date": "2026-02-17 17:46:24"
}