{
  "dolar": 396.3674,
  "euro": 470.28199275,
  "usdt": 535.9,
  "usdt_promedio_compra": 544.93,
  "usdt_promedio_venta": 515.42,
  "timestamp": 1771324492.8907285,
  "human_date": "2026-02-17 10:34:57"
}