{
  "dolar": 405.3518,
  "euro": 476.70587735,
  "usdt": 572.0,
  "usdt_promedio_compra": 581.67,
  "usdt_promedio_venta": 552.77,
  "timestamp": 1771738961.9701998,
  "human_date": "2026-02-22 05:42:46"
}