{
  "dolar": 393.2216,
  "euro": 467.33207495,
  "usdt": 546.0,
  "usdt_promedio_compra": 547.23,
  "usdt_promedio_venta": 539.55,
  "timestamp": 1770934841.478193,
  "human_date": "2026-02-12 22:20:46"
}