{
  "dolar": 419.9873,
  "euro": 495.60601336,
  "usdt": 607.8,
  "usdt_promedio_compra": 641.16,
  "usdt_promedio_venta": 597.69,
  "timestamp": 1772263091.8617334,
  "human_date": "2026-02-28 07:18:16"
}