{
  "dolar": 388.7394,
  "euro": 462.78259351,
  "usdt": 550.0,
  "timestamp": 1770762517.158258,
  "human_date": "2026-02-10 22:28:38"
}