{
  "dolar": 390.2944,
  "euro": 463.0843056,
  "usdt": 553.0,
  "usdt_promedio_compra": 580.4,
  "usdt_promedio_venta": 527.85,
  "timestamp": 1770882280.909185,
  "human_date": "2026-02-12 07:44:45"
}