{
  "dolar": 393.2216,
  "euro": 467.33207495,
  "usdt": 534.3,
  "usdt_promedio_compra": 536.84,
  "usdt_promedio_venta": 527.45,
  "timestamp": 1771003990.43304,
  "human_date": "2026-02-13 17:33:14"
}