{
  "dolar": 378.4582,
  "euro": 447.21648577,
  "usdt": 531.377,
  "timestamp": 1770242800.2580903,
  "human_date": "2026-02-04 22:06:41"
}