{
  "dolar": 393.2216,
  "euro": 467.33207495,
  "usdt": 546.39,
  "usdt_promedio_compra": 547.17,
  "usdt_promedio_venta": 539.31,
  "timestamp": 1770931405.0919714,
  "human_date": "2026-02-12 21:23:36"
}