{
  "dolar": 398.7456,
  "euro": 471.4169856,
  "usdt": 581.89,
  "usdt_promedio_compra": 585.39,
  "usdt_promedio_venta": 576.34,
  "timestamp": 1771532427.062317,
  "human_date": "2026-02-19 20:20:31"
}