{
  "dolar": 382.6318,
  "euro": 451.87667684,
  "usdt": 549.999,
  "timestamp": 1770462787.3006408,
  "human_date": "2026-02-07 11:13:08"
}