{
  "dolar": 405.3518,
  "euro": 476.70587735,
  "usdt": 572.0,
  "usdt_promedio_compra": 585.29,
  "usdt_promedio_venta": 548.31,
  "timestamp": 1771742019.3221748,
  "human_date": "2026-02-22 06:33:43"
}