{
  "dolar": 396.3674,
  "euro": 470.28199275,
  "usdt": 536.0,
  "usdt_promedio_compra": 537.09,
  "usdt_promedio_venta": 530.43,
  "timestamp": 1771353643.8681974,
  "human_date": "2026-02-17 18:40:48"
}