{
  "dolar": 398.7456,
  "euro": 471.4169856,
  "usdt": 578.0,
  "usdt_promedio_compra": 582.27,
  "usdt_promedio_venta": 572.71,
  "timestamp": 1771522928.0151577,
  "human_date": "2026-02-19 17:42:16"
}