{
  "dolar": 396.3674,
  "euro": 470.28199275,
  "usdt": 534.8,
  "usdt_promedio_compra": 539.97,
  "usdt_promedio_venta": 527.34,
  "timestamp": 1771245328.8933077,
  "human_date": "2026-02-16 12:35:33"
}