{
  "dolar": 382.6318,
  "euro": 451.87667684,
  "usdt": 543.999,
  "timestamp": 1770563720.7272098,
  "human_date": "2026-02-08 15:15:21"
}