{
  "dolar": 405.3518,
  "euro": 476.70587735,
  "usdt": 576.48,
  "usdt_promedio_compra": 582.9,
  "usdt_promedio_venta": 557.2,
  "timestamp": 1771655305.954778,
  "human_date": "2026-02-21 06:28:30"
}