{
  "dolar": 402.3343,
  "euro": 472.83131604,
  "usdt": 573.9,
  "usdt_promedio_compra": 577.75,
  "usdt_promedio_venta": 567.95,
  "timestamp": 1771590703.7022233,
  "human_date": "2026-02-20 12:31:47"
}