{
  "dolar": 388.7394,
  "euro": 462.78259351,
  "usdt": 549.0,
  "timestamp": 1770841654.8624392,
  "human_date": "2026-02-11 20:27:36"
}