{
  "dolar": 388.7394,
  "euro": 462.78259351,
  "usdt": 552.39,
  "timestamp": 1770848343.5738373,
  "human_date": "2026-02-11 22:19:04"
}