{
  "dolar": 396.3674,
  "euro": 470.28199275,
  "usdt": 535.9,
  "usdt_promedio_compra": 553.31,
  "usdt_promedio_venta": 506.92,
  "timestamp": 1771321018.1443613,
  "human_date": "2026-02-17 09:37:02"
}