{
  "dolar": 405.3518,
  "euro": 476.70587735,
  "usdt": 575.4,
  "usdt_promedio_compra": 577.42,
  "usdt_promedio_venta": 571.76,
  "timestamp": 1771861003.308023,
  "human_date": "2026-02-23 15:36:47"
}