{
  "dolar": 405.3518,
  "euro": 476.70587735,
  "usdt": 572.0,
  "usdt_promedio_compra": 574.72,
  "usdt_promedio_venta": 555.22,
  "timestamp": 1771733163.3596475,
  "human_date": "2026-02-22 04:06:07"
}