{
  "dolar": 396.3674,
  "euro": 470.28199275,
  "usdt": 532.9,
  "usdt_promedio_compra": 534.67,
  "usdt_promedio_venta": 523.73,
  "timestamp": 1771071754.6561193,
  "human_date": "2026-02-14 12:22:39"
}