{
  "dolar": 388.7394,
  "euro": 462.78259351,
  "usdt": 549.2,
  "timestamp": 1770828717.6686752,
  "human_date": "2026-02-11 16:51:58"
}