{
  "dolar": 381.1074,
  "euro": 449.85917496,
  "usdt": 542.0,
  "timestamp": 1770381141.158863,
  "human_date": "2026-02-06 12:32:22"
}