{
  "dolar": 388.7394,
  "euro": 462.78259351,
  "usdt": 550.851,
  "usdt_promedio_compra": 551.9,
  "usdt_promedio_venta": 545.6,
  "timestamp": 1770852096.2694995,
  "human_date": "2026-02-11 23:21:41"
}