{
  "dolar": 405.3518,
  "euro": 476.70587735,
  "usdt": 562.2,
  "usdt_promedio_compra": 564.02,
  "usdt_promedio_venta": 557.03,
  "timestamp": 1771784359.6926637,
  "human_date": "2026-02-22 18:19:24"
}