{
  "dolar": 396.3674,
  "euro": 470.28199275,
  "usdt": 533.949,
  "usdt_promedio_compra": 548.99,
  "usdt_promedio_venta": 510.93,
  "timestamp": 1771150509.0397058,
  "human_date": "2026-02-15 10:15:13"
}