{
  "dolar": 396.3674,
  "euro": 470.28199275,
  "usdt": 534.0,
  "usdt_promedio_compra": 536.19,
  "usdt_promedio_venta": 528.19,
  "timestamp": 1771100023.6050267,
  "human_date": "2026-02-14 20:13:48"
}