{
  "dolar": 402.3343,
  "euro": 472.83131604,
  "usdt": 583.99,
  "usdt_promedio_compra": 594.51,
  "usdt_promedio_venta": 549.2,
  "timestamp": 1771573218.3928387,
  "human_date": "2026-02-20 07:40:22"
}