{
  "dolar": 382.6318,
  "euro": 451.87667684,
  "usdt": 543.0,
  "timestamp": 1770574868.139277,
  "human_date": "2026-02-08 18:21:09"
}