{
  "dolar": 396.3674,
  "euro": 470.28199275,
  "usdt": 531.98,
  "usdt_promedio_compra": 534.42,
  "usdt_promedio_venta": 524.47,
  "timestamp": 1771331726.3056486,
  "human_date": "2026-02-17 12:35:30"
}