{
  "dolar": 396.3674,
  "euro": 470.28199275,
  "usdt": 541.38,
  "usdt_promedio_compra": 562.29,
  "usdt_promedio_venta": 512.76,
  "timestamp": 1771221575.784652,
  "human_date": "2026-02-16 05:59:40"
}