{
  "dolar": 382.6318,
  "euro": 451.87667684,
  "usdt": 540.5,
  "timestamp": 1770640812.1308446,
  "human_date": "2026-02-09 12:40:13"
}