{
  "dolar": 378.4582,
  "euro": 447.21648577,
  "usdt": 531.377,
  "timestamp": 1770243354.1106687,
  "human_date": "2026-02-04 22:15:55"
}