{
  "dolar": 382.6318,
  "euro": 451.87667684,
  "usdt": 546.5,
  "timestamp": 1770532623.499968,
  "human_date": "2026-02-08 06:37:04"
}