{
  "dolar": 382.6318,
  "euro": 451.87667684,
  "usdt": 546.5,
  "timestamp": 1770535879.4232385,
  "human_date": "2026-02-08 07:31:20"
}