{
  "dolar": 396.3674,
  "euro": 470.28199275,
  "usdt": 536.0,
  "usdt_promedio_compra": 565.68,
  "usdt_promedio_venta": 474.42,
  "timestamp": 1771143584.7158773,
  "human_date": "2026-02-15 08:19:49"
}