{
  "dolar": 382.6318,
  "euro": 451.87667684,
  "usdt": 548.7,
  "timestamp": 1770459266.7227252,
  "human_date": "2026-02-07 10:14:27"
}