{
  "dolar": 396.3674,
  "euro": 470.28199275,
  "usdt": 534.49,
  "usdt_promedio_compra": 558.29,
  "usdt_promedio_venta": 485.06,
  "timestamp": 1771057124.919371,
  "human_date": "2026-02-14 08:18:49"
}