{
  "dolar": 419.9873,
  "euro": 495.60601336,
  "usdt": 605.79,
  "usdt_promedio_compra": 608.01,
  "usdt_promedio_venta": 600.39,
  "timestamp": 1772298681.2565737,
  "human_date": "2026-02-28 17:11:26"
}