{
  "dolar": 396.3674,
  "euro": 470.28199275,
  "usdt": 538.0,
  "usdt_promedio_compra": 540.54,
  "usdt_promedio_venta": 533.35,
  "timestamp": 1771193569.2206588,
  "human_date": "2026-02-15 22:12:53"
}