{
  "dolar": 396.3674,
  "euro": 470.28199275,
  "usdt": 533.7,
  "usdt_promedio_compra": 559.69,
  "usdt_promedio_venta": 490.32,
  "timestamp": 1771134495.2321937,
  "human_date": "2026-02-15 05:48:20"
}