{
  "dolar": 381.1074,
  "euro": 449.85917496,
  "usdt": 547.5,
  "timestamp": 1770395457.4131787,
  "human_date": "2026-02-06 16:30:59"
}