{
  "dolar": 382.6318,
  "euro": 451.87667684,
  "usdt": 544.0,
  "timestamp": 1770498951.8491611,
  "human_date": "2026-02-07 21:15:52"
}