{
  "dolar": 396.3674,
  "euro": 470.28199275,
  "usdt": 534.799,
  "usdt_promedio_compra": 536.22,
  "usdt_promedio_venta": 528.93,
  "timestamp": 1771414267.1901703,
  "human_date": "2026-02-18 11:31:11"
}