{
  "dolar": 405.3518,
  "euro": 476.70587735,
  "usdt": 570.5,
  "usdt_promedio_compra": 580.07,
  "usdt_promedio_venta": 542.42,
  "timestamp": 1771835723.8475149,
  "human_date": "2026-02-23 08:35:28"
}