{
  "dolar": 407.3786,
  "euro": 480.80451886,
  "usdt": 599.1,
  "usdt_promedio_compra": 630.99,
  "usdt_promedio_venta": 576.52,
  "timestamp": 1771922010.907252,
  "human_date": "2026-02-24 08:33:35"
}