{
  "dolar": 393.2216,
  "euro": 467.33207495,
  "usdt": 544.0,
  "usdt_promedio_compra": 545.89,
  "usdt_promedio_venta": 537.02,
  "timestamp": 1770981789.8557186,
  "human_date": "2026-02-13 11:23:14"
}