{
  "dolar": 419.9873,
  "euro": 495.60601336,
  "usdt": 607.0,
  "usdt_promedio_compra": 608.73,
  "usdt_promedio_venta": 601.7,
  "timestamp": 1772309619.3588889,
  "human_date": "2026-02-28 20:13:43"
}