{
  "dolar": 396.3674,
  "euro": 470.28199275,
  "usdt": 533.99,
  "usdt_promedio_compra": 536.04,
  "usdt_promedio_venta": 522.63,
  "timestamp": 1771327914.1674335,
  "human_date": "2026-02-17 11:31:58"
}