{
  "dolar": 411.0857,
  "euro": 483.91775346,
  "usdt": 623.398,
  "usdt_promedio_compra": 649.52,
  "usdt_promedio_venta": 594.33,
  "timestamp": 1772008518.6194394,
  "human_date": "2026-02-25 08:35:22"
}