{
  "dolar": 378.4582,
  "euro": 447.21648577,
  "usdt": 533.5,
  "timestamp": 1770268517.91199,
  "human_date": "2026-02-05 05:15:18"
}