{
  "dolar": 405.3518,
  "euro": 476.70587735,
  "usdt": 581.001,
  "usdt_promedio_compra": 583.71,
  "usdt_promedio_venta": 574.73,
  "timestamp": 1771869206.4902475,
  "human_date": "2026-02-23 17:53:30"
}