{
  "dolar": 378.4582,
  "euro": 447.21648577,
  "usdt": 534.8,
  "timestamp": 1770309798.7855513,
  "human_date": "2026-02-05 16:43:20"
}