{
  "dolar": 385.272,
  "euro": 458.8782156,
  "usdt": 550.0,
  "timestamp": 1770709908.1763551,
  "human_date": "2026-02-10 07:51:49"
}