{
  "dolar": 405.3518,
  "euro": 476.70587735,
  "usdt": 576.48,
  "usdt_promedio_compra": 585.66,
  "usdt_promedio_venta": 557.03,
  "timestamp": 1771665573.699572,
  "human_date": "2026-02-21 09:19:38"
}