{
  "dolar": 396.3674,
  "euro": 470.28199275,
  "usdt": 556.0,
  "usdt_promedio_compra": 559.97,
  "usdt_promedio_venta": 550.1,
  "timestamp": 1771443599.0759046,
  "human_date": "2026-02-18 19:40:03"
}