{
  "dolar": 393.2216,
  "euro": 467.33207495,
  "usdt": 539.0,
  "usdt_promedio_compra": 540.68,
  "usdt_promedio_venta": 533.66,
  "timestamp": 1770996700.4464447,
  "human_date": "2026-02-13 15:31:44"
}