{
  "dolar": 398.7456,
  "euro": 471.4169856,
  "usdt": 568.0,
  "usdt_promedio_compra": 571.55,
  "usdt_promedio_venta": 559.05,
  "timestamp": 1771453283.8480046,
  "human_date": "2026-02-18 22:21:28"
}