{
  "dolar": 382.6318,
  "euro": 451.87667684,
  "usdt": 546.8,
  "timestamp": 1770506295.936404,
  "human_date": "2026-02-07 23:18:17"
}