{
  "dolar": 393.2216,
  "euro": 467.33207495,
  "usdt": 545.7,
  "usdt_promedio_compra": 547.94,
  "usdt_promedio_venta": 529.8,
  "timestamp": 1770975161.5837574,
  "human_date": "2026-02-13 09:32:46"
}