{
  "dolar": 396.3674,
  "euro": 470.28199275,
  "usdt": 540.5,
  "usdt_promedio_compra": 546.59,
  "usdt_promedio_venta": 525.41,
  "timestamp": 1771215144.8739357,
  "human_date": "2026-02-16 04:12:29"
}