{
  "dolar": 414.0455,
  "euro": 488.60267318,
  "usdt": 617.412,
  "usdt_promedio_compra": 619.31,
  "usdt_promedio_venta": 611.15,
  "timestamp": 1772124236.5109239,
  "human_date": "2026-02-26 16:44:01"
}