{
  "dolar": 382.6318,
  "euro": 451.87667684,
  "usdt": 540.751,
  "timestamp": 1770585356.9733858,
  "human_date": "2026-02-08 21:15:58"
}