{
  "dolar": 382.6318,
  "euro": 451.87667684,
  "usdt": 537.9,
  "timestamp": 1770592786.2248178,
  "human_date": "2026-02-08 23:19:47"
}