{
  "dolar": 396.3674,
  "euro": 470.28199275,
  "usdt": 542.0,
  "usdt_promedio_compra": 554.48,
  "usdt_promedio_venta": 520.08,
  "timestamp": 1771234829.87805,
  "human_date": "2026-02-16 09:40:34"
}