{
  "dolar": 405.3518,
  "euro": 476.70587735,
  "usdt": 572.0,
  "usdt_promedio_compra": 588.32,
  "usdt_promedio_venta": 545.47,
  "timestamp": 1771745322.541048,
  "human_date": "2026-02-22 07:28:46"
}