{
  "dolar": 385.272,
  "euro": 458.8782156,
  "usdt": 550.0,
  "timestamp": 1770703509.0059235,
  "human_date": "2026-02-10 06:05:10"
}