{
  "dolar": 407.3786,
  "euro": 480.80451886,
  "usdt": 610.0,
  "usdt_promedio_compra": 614.3,
  "usdt_promedio_venta": 604.08,
  "timestamp": 1771968236.1302335,
  "human_date": "2026-02-24 21:24:00"
}