{
  "dolar": 398.7456,
  "euro": 471.4169856,
  "usdt": 574.5,
  "usdt_promedio_compra": 584.79,
  "usdt_promedio_venta": 546.62,
  "timestamp": 1771493636.3760872,
  "human_date": "2026-02-19 09:34:01"
}