{
  "dolar": 390.2944,
  "euro": 463.0843056,
  "usdt": 554.087,
  "usdt_promedio_compra": 575.54,
  "usdt_promedio_venta": 531.44,
  "timestamp": 1770875836.1604755,
  "human_date": "2026-02-12 05:57:20"
}