{
  "dolar": 382.6318,
  "euro": 451.87667684,
  "usdt": 540.987,
  "timestamp": 1770578236.638489,
  "human_date": "2026-02-08 19:17:17"
}