{
  "dolar": 385.272,
  "euro": 458.8782156,
  "usdt": 546.19,
  "timestamp": 1770679650.015651,
  "human_date": "2026-02-09 23:27:31"
}