{
  "dolar": 411.0857,
  "euro": 483.91775346,
  "usdt": 618.7,
  "usdt_promedio_compra": 621.7,
  "usdt_promedio_venta": 612.23,
  "timestamp": 1771971678.6695566,
  "human_date": "2026-02-24 22:21:23"
}