{
  "dolar": 388.7394,
  "euro": 462.78259351,
  "usdt": 550.887,
  "timestamp": 1770766182.1123538,
  "human_date": "2026-02-10 23:29:43"
}