{
  "dolar": 393.2216,
  "euro": 467.33207495,
  "usdt": 545.7,
  "usdt_promedio_compra": 549.66,
  "usdt_promedio_venta": 502.18,
  "timestamp": 1770965110.212275,
  "human_date": "2026-02-13 06:45:14"
}