{
  "dolar": 419.9873,
  "euro": 495.60601336,
  "usdt": 607.4,
  "usdt_promedio_compra": 608.04,
  "usdt_promedio_venta": 599.87,
  "timestamp": 1772302649.2328966,
  "human_date": "2026-02-28 18:17:34"
}