{
  "dolar": 396.3674,
  "euro": 470.28199275,
  "usdt": 535.5,
  "usdt_promedio_compra": 539.57,
  "usdt_promedio_venta": 514.21,
  "timestamp": 1771301281.7489548,
  "human_date": "2026-02-17 04:08:06"
}