{
  "dolar": 390.2944,
  "euro": 463.0843056,
  "usdt": 548.189,
  "usdt_promedio_compra": 551.17,
  "usdt_promedio_venta": 544.75,
  "timestamp": 1770910813.9979875,
  "human_date": "2026-02-12 15:40:18"
}