{
  "dolar": 396.3674,
  "euro": 470.28199275,
  "usdt": 534.0,
  "usdt_promedio_compra": 535.25,
  "usdt_promedio_venta": 527.75,
  "timestamp": 1771107120.1805449,
  "human_date": "2026-02-14 22:12:04"
}