{
  "dolar": 398.7456,
  "euro": 471.4169856,
  "usdt": 574.5,
  "usdt_promedio_compra": 583.45,
  "usdt_promedio_venta": 546.83,
  "timestamp": 1771483532.1030436,
  "human_date": "2026-02-19 06:45:36"
}