{
  "dolar": 393.2216,
  "euro": 467.33207495,
  "usdt": 537.047,
  "usdt_promedio_compra": 539.03,
  "usdt_promedio_venta": 527.03,
  "timestamp": 1771000296.4477317,
  "human_date": "2026-02-13 16:31:40"
}