{
  "dolar": 411.0857,
  "euro": 483.91775346,
  "usdt": 623.398,
  "usdt_promedio_compra": 668.33,
  "usdt_promedio_venta": 605.65,
  "timestamp": 1771992562.1069286,
  "human_date": "2026-02-25 04:09:26"
}