{
  "dolar": 396.3674,
  "euro": 470.28199275,
  "usdt": 534.85,
  "usdt_promedio_compra": 535.51,
  "usdt_promedio_venta": 529.18,
  "timestamp": 1771363455.540995,
  "human_date": "2026-02-17 21:24:19"
}