{
  "dolar": 402.3343,
  "euro": 472.83131604,
  "usdt": 577.0,
  "usdt_promedio_compra": 578.62,
  "usdt_promedio_venta": 568.78,
  "timestamp": 1771597959.2627952,
  "human_date": "2026-02-20 14:32:43"
}