{
  "dolar": 398.7456,
  "euro": 471.4169856,
  "usdt": 572.799,
  "usdt_promedio_compra": 574.31,
  "usdt_promedio_venta": 566.93,
  "timestamp": 1771504568.5354254,
  "human_date": "2026-02-19 12:36:13"
}