{
  "dolar": 405.3518,
  "euro": 476.70587735,
  "usdt": 564.39,
  "usdt_promedio_compra": 566.6,
  "usdt_promedio_venta": 560.05,
  "timestamp": 1771808801.1697118,
  "human_date": "2026-02-23 01:06:45"
}