{
  "dolar": 414.0455,
  "euro": 488.60267318,
  "usdt": 608.2,
  "usdt_promedio_compra": 611.8,
  "usdt_promedio_venta": 602.12,
  "timestamp": 1772109407.4262192,
  "human_date": "2026-02-26 12:36:51"
}