{
  "dolar": 382.6318,
  "euro": 451.87667684,
  "usdt": 549.8,
  "timestamp": 1770440625.8872688,
  "human_date": "2026-02-07 05:03:46"
}