{
  "dolar": 388.7394,
  "euro": 462.78259351,
  "usdt": 552.39,
  "usdt_promedio_compra": null,
  "usdt_promedio_venta": null,
  "timestamp": 1770850920.4744492,
  "human_date": "2026-02-11 23:02:01"
}