{
  "dolar": 388.7394,
  "euro": 462.78259351,
  "usdt": 552.3,
  "timestamp": 1770806301.9638588,
  "human_date": "2026-02-11 10:38:23"
}