{
  "dolar": 396.3674,
  "euro": 470.28199275,
  "usdt": 536.0,
  "usdt_promedio_compra": 561.2,
  "usdt_promedio_venta": 489.0,
  "timestamp": 1771147264.7047079,
  "human_date": "2026-02-15 09:21:09"
}