{
  "dolar": 385.272,
  "euro": 458.8782156,
  "usdt": 549.987,
  "timestamp": 1770697384.503233,
  "human_date": "2026-02-10 04:23:06"
}