{
  "dolar": 381.1074,
  "euro": 449.85917496,
  "usdt": 541.995,
  "timestamp": 1770333376.2599187,
  "human_date": "2026-02-05 23:16:17"
}