{
  "dolar": 405.3518,
  "euro": 476.70587735,
  "usdt": 587.0,
  "usdt_promedio_compra": 589.75,
  "usdt_promedio_venta": 582.07,
  "timestamp": 1771872394.1043463,
  "human_date": "2026-02-23 18:46:38"
}