{
  "dolar": 385.272,
  "euro": 458.8782156,
  "usdt": 543.985,
  "timestamp": 1770672540.1777112,
  "human_date": "2026-02-09 21:29:01"
}