{
  "dolar": 398.7456,
  "euro": 471.4169856,
  "usdt": 574.5,
  "usdt_promedio_compra": 588.04,
  "usdt_promedio_venta": 539.17,
  "timestamp": 1771489849.0392852,
  "human_date": "2026-02-19 08:30:53"
}