{
  "dolar": 414.0455,
  "euro": 488.60267318,
  "usdt": 614.0,
  "usdt_promedio_compra": 617.08,
  "usdt_promedio_venta": 603.58,
  "timestamp": 1772102063.4624732,
  "human_date": "2026-02-26 10:34:28"
}