{
  "dolar": 393.2216,
  "euro": 467.33207495,
  "usdt": 545.7,
  "usdt_promedio_compra": 559.3,
  "usdt_promedio_venta": 508.17,
  "timestamp": 1770968512.733595,
  "human_date": "2026-02-13 07:41:57"
}