{
  "dolar": 419.9873,
  "euro": 495.60601336,
  "usdt": 607.8,
  "usdt_promedio_compra": 632.84,
  "usdt_promedio_venta": 596.95,
  "timestamp": 1772259759.5827508,
  "human_date": "2026-02-28 06:22:44"
}