{
  "dolar": 388.7394,
  "euro": 462.78259351,
  "usdt": 551.5,
  "usdt_promedio_compra": 552.55,
  "usdt_promedio_venta": 546.0,
  "timestamp": 1770851361.8918593,
  "human_date": "2026-02-11 23:09:26"
}