{
  "dolar": 388.7394,
  "euro": 462.78259351,
  "usdt": 547.851,
  "timestamp": 1770839327.0230944,
  "human_date": "2026-02-11 19:48:48"
}