{
  "dolar": 388.7394,
  "euro": 462.78259351,
  "usdt": 553.8,
  "timestamp": 1770789694.639425,
  "human_date": "2026-02-11 06:01:35"
}