{
  "dolar": 382.6318,
  "euro": 451.87667684,
  "usdt": 549.5,
  "timestamp": 1770466984.052362,
  "human_date": "2026-02-07 12:23:05"
}