{
  "dolar": 396.3674,
  "euro": 470.28199275,
  "usdt": 534.0,
  "usdt_promedio_compra": 535.1,
  "usdt_promedio_venta": 525.51,
  "timestamp": 1771021323.4016905,
  "human_date": "2026-02-13 22:22:07"
}