{
  "dolar": 393.2216,
  "euro": 467.33207495,
  "usdt": 546.0,
  "usdt_promedio_compra": 547.39,
  "usdt_promedio_venta": 540.57,
  "timestamp": 1770945080.6329951,
  "human_date": "2026-02-13 01:11:25"
}