{
  "dolar": 407.3786,
  "euro": 480.80451886,
  "usdt": 605.99,
  "usdt_promedio_compra": 610.49,
  "usdt_promedio_venta": 601.26,
  "timestamp": 1771947872.6844327,
  "human_date": "2026-02-24 15:44:37"
}