{
  "dolar": 398.7456,
  "euro": 471.4169856,
  "usdt": 567.5,
  "usdt_promedio_compra": 569.43,
  "usdt_promedio_venta": 561.38,
  "timestamp": 1771456686.4245365,
  "human_date": "2026-02-18 23:18:10"
}