{
  "dolar": 396.3674,
  "euro": 470.28199275,
  "usdt": 535.051,
  "usdt_promedio_compra": 536.86,
  "usdt_promedio_venta": 529.8,
  "timestamp": 1771357191.475494,
  "human_date": "2026-02-17 19:39:55"
}