{
  "dolar": 388.7394,
  "euro": 462.78259351,
  "usdt": 552.0,
  "timestamp": 1770795941.6183271,
  "human_date": "2026-02-11 07:45:43"
}