{
  "dolar": 382.6318,
  "euro": 451.87667684,
  "usdt": 540.987,
  "timestamp": 1770581657.3788447,
  "human_date": "2026-02-08 20:14:19"
}