{
  "dolar": 381.1074,
  "euro": 449.85917496,
  "usdt": 552.5,
  "timestamp": 1770402785.5969706,
  "human_date": "2026-02-06 18:33:06"
}