{
  "dolar": 382.6318,
  "euro": 451.87667684,
  "usdt": 551.0,
  "timestamp": 1770419738.9119217,
  "human_date": "2026-02-06 23:15:40"
}