{
  "dolar": 382.6318,
  "euro": 451.87667684,
  "usdt": 549.899,
  "timestamp": 1770436701.8327773,
  "human_date": "2026-02-07 03:58:22"
}