{
  "dolar": 382.6318,
  "euro": 451.87667684,
  "usdt": 545.0,
  "timestamp": 1770626236.5125458,
  "human_date": "2026-02-09 08:37:17"
}