{
  "dolar": 417.3579,
  "euro": 493.11253242,
  "usdt": 609.0,
  "usdt_promedio_compra": 610.45,
  "usdt_promedio_venta": 602.52,
  "timestamp": 1772216718.8340888,
  "human_date": "2026-02-27 18:25:23"
}