{
  "dolar": 382.6318,
  "euro": 451.87667684,
  "usdt": 542.999,
  "timestamp": 1770633939.7445538,
  "human_date": "2026-02-09 10:45:40"
}