{
  "dolar": 398.7456,
  "euro": 471.4169856,
  "usdt": 579.0,
  "usdt_promedio_compra": 581.58,
  "usdt_promedio_venta": 572.45,
  "timestamp": 1771529582.6986008,
  "human_date": "2026-02-19 19:33:11"
}