{
  "dolar": 411.0857,
  "euro": 483.91775346,
  "usdt": 615.59,
  "usdt_promedio_compra": 617.77,
  "usdt_promedio_venta": 606.11,
  "timestamp": 1772034591.6398892,
  "human_date": "2026-02-25 15:49:56"
}