{
  "dolar": 385.272,
  "euro": 458.8782156,
  "usdt": 551.5,
  "timestamp": 1770738952.6739266,
  "human_date": "2026-02-10 15:55:53"
}