{
  "dolar": 388.7394,
  "euro": 462.78259351,
  "usdt": 548.694,
  "timestamp": 1770818882.1873841,
  "human_date": "2026-02-11 14:08:03"
}