{
  "dolar": 396.3674,
  "euro": 470.28199275,
  "usdt": 539.397,
  "usdt_promedio_compra": 542.3,
  "usdt_promedio_venta": 532.75,
  "timestamp": 1771179592.2368228,
  "human_date": "2026-02-15 18:19:57"
}