{
  "dolar": 396.3674,
  "euro": 470.28199275,
  "usdt": 532.25,
  "usdt_promedio_compra": 535.81,
  "usdt_promedio_venta": 528.41,
  "timestamp": 1771096553.4261749,
  "human_date": "2026-02-14 19:15:57"
}