{
  "dolar": 382.6318,
  "euro": 451.87667684,
  "usdt": 548.0,
  "timestamp": 1770538809.4654906,
  "human_date": "2026-02-08 08:20:10"
}