{
  "dolar": 414.0455,
  "euro": 488.60267318,
  "usdt": 613.551,
  "usdt_promedio_compra": 616.11,
  "usdt_promedio_venta": 608.98,
  "timestamp": 1772130998.4092607,
  "human_date": "2026-02-26 18:36:43"
}