{
  "dolar": 396.3674,
  "euro": 470.28199275,
  "usdt": 543.9,
  "usdt_promedio_compra": 569.83,
  "usdt_promedio_venta": 474.8,
  "timestamp": 1771140695.8053193,
  "human_date": "2026-02-15 07:31:40"
}