{
  "dolar": 396.3674,
  "euro": 470.28199275,
  "usdt": 534.0,
  "usdt_promedio_compra": 534.85,
  "usdt_promedio_venta": 526.46,
  "timestamp": 1771082100.2628453,
  "human_date": "2026-02-14 15:15:05"
}