{
  "dolar": 405.3518,
  "euro": 476.70587735,
  "usdt": 575.0,
  "usdt_promedio_compra": 576.05,
  "usdt_promedio_venta": 564.14,
  "timestamp": 1771676566.976788,
  "human_date": "2026-02-21 12:22:51"
}