{
  "dolar": 381.1074,
  "euro": 449.85917496,
  "usdt": 544.22,
  "timestamp": 1770348353.8203843,
  "human_date": "2026-02-06 03:25:55"
}