{
  "dolar": 388.7394,
  "euro": 462.78259351,
  "usdt": 550.0,
  "timestamp": 1770802863.099744,
  "human_date": "2026-02-11 09:41:04"
}