{
  "dolar": 382.6318,
  "euro": 451.87667684,
  "usdt": 544.0,
  "timestamp": 1770553433.5463219,
  "human_date": "2026-02-08 12:23:54"
}