{
  "dolar": 411.0857,
  "euro": 483.91775346,
  "usdt": 622.0,
  "usdt_promedio_compra": 633.73,
  "usdt_promedio_venta": 614.24,
  "timestamp": 1772015948.1650012,
  "human_date": "2026-02-25 10:39:13"
}