{
  "dolar": 396.3674,
  "euro": 470.28199275,
  "usdt": 542.0,
  "usdt_promedio_compra": 561.65,
  "usdt_promedio_venta": 513.99,
  "timestamp": 1771230803.447795,
  "human_date": "2026-02-16 08:33:27"
}