{
  "dolar": 393.2216,
  "euro": 467.33207495,
  "usdt": 542.0,
  "usdt_promedio_compra": 543.92,
  "usdt_promedio_venta": 536.78,
  "timestamp": 1770985933.966923,
  "human_date": "2026-02-13 12:32:18"
}