{
  "dolar": 390.2944,
  "euro": 463.0843056,
  "usdt": 550.851,
  "usdt_promedio_compra": 552.32,
  "usdt_promedio_venta": 546.27,
  "timestamp": 1770851638.0911531,
  "human_date": "2026-02-11 23:14:03"
}