{
  "dolar": 405.3518,
  "euro": 476.70587735,
  "usdt": 565.9,
  "usdt_promedio_compra": 569.15,
  "usdt_promedio_venta": 559.65,
  "timestamp": 1771791222.7880223,
  "human_date": "2026-02-22 20:13:48"
}