{
  "dolar": 396.3674,
  "euro": 470.28199275,
  "usdt": 537.897,
  "usdt_promedio_compra": 538.43,
  "usdt_promedio_venta": 532.37,
  "timestamp": 1771276712.0779269,
  "human_date": "2026-02-16 21:18:37"
}