{
  "dolar": 396.3674,
  "euro": 470.28199275,
  "usdt": 531.8,
  "usdt_promedio_compra": 535.46,
  "usdt_promedio_venta": 526.77,
  "timestamp": 1771078633.3508697,
  "human_date": "2026-02-14 14:17:17"
}