{
  "dolar": 396.3674,
  "euro": 470.28199275,
  "usdt": 534.49,
  "usdt_promedio_compra": 550.94,
  "usdt_promedio_venta": 513.72,
  "timestamp": 1771064103.9452748,
  "human_date": "2026-02-14 10:15:08"
}