{
  "dolar": 402.3343,
  "euro": 472.83131604,
  "usdt": 584.0,
  "usdt_promedio_compra": 586.03,
  "usdt_promedio_venta": 574.27,
  "timestamp": 1771539607.3928351,
  "human_date": "2026-02-19 22:20:11"
}