{
  "dolar": 390.2944,
  "euro": 463.0843056,
  "usdt": 550.5,
  "usdt_promedio_compra": 552.3,
  "usdt_promedio_venta": 545.77,
  "timestamp": 1770858447.936331,
  "human_date": "2026-02-12 01:07:32"
}