{
  "dolar": 390.2944,
  "euro": 463.0843056,
  "usdt": 543.989,
  "usdt_promedio_compra": 546.03,
  "usdt_promedio_venta": 539.68,
  "timestamp": 1770925403.849925,
  "human_date": "2026-02-12 19:43:28"
}