{
  "dolar": 402.3343,
  "euro": 472.83131604,
  "usdt": 578.2,
  "usdt_promedio_compra": 580.66,
  "usdt_promedio_venta": 572.53,
  "timestamp": 1771618697.4825633,
  "human_date": "2026-02-20 20:18:21"
}