{
  "dolar": 398.7456,
  "euro": 471.4169856,
  "usdt": 569.0,
  "usdt_promedio_compra": 572.28,
  "usdt_promedio_venta": 564.74,
  "timestamp": 1771463279.6597614,
  "human_date": "2026-02-19 01:08:04"
}