{
  "dolar": 398.7456,
  "euro": 471.4169856,
  "usdt": 574.0,
  "usdt_promedio_compra": 591.79,
  "usdt_promedio_venta": 555.46,
  "timestamp": 1771474137.2029123,
  "human_date": "2026-02-19 04:09:01"
}