{
  "dolar": 378.4582,
  "euro": 447.21648577,
  "usdt": 450.0,
  "timestamp": 1770242007.6951752,
  "human_date": "2026-02-04 21:53:28"
}