{
  "dolar": 419.9873,
  "euro": 495.60601336,
  "usdt": 607.8,
  "usdt_promedio_compra": 611.17,
  "usdt_promedio_venta": 596.98,
  "timestamp": 1772253980.7953925,
  "human_date": "2026-02-28 04:46:25"
}