{
  "dolar": 417.3579,
  "euro": 493.11253242,
  "usdt": 604.95,
  "usdt_promedio_compra": 607.59,
  "usdt_promedio_venta": 598.87,
  "timestamp": 1772220353.127454,
  "human_date": "2026-02-27 19:25:57"
}