{
  "dolar": 396.3674,
  "euro": 470.28199275,
  "usdt": 533.5,
  "usdt_promedio_compra": 553.09,
  "usdt_promedio_venta": 517.25,
  "timestamp": 1771045799.1230078,
  "human_date": "2026-02-14 05:10:03"
}