{
  "dolar": 396.3674,
  "euro": 470.28199275,
  "usdt": 534.49,
  "usdt_promedio_compra": 559.01,
  "usdt_promedio_venta": 498.83,
  "timestamp": 1771054001.871878,
  "human_date": "2026-02-14 07:26:46"
}