{
  "dolar": 385.272,
  "euro": 458.8782156,
  "usdt": 545.89,
  "timestamp": 1770723699.5517886,
  "human_date": "2026-02-10 11:41:40"
}