{
  "dolar": 419.9873,
  "euro": 495.60601336,
  "usdt": 607.8,
  "usdt_promedio_compra": 635.29,
  "usdt_promedio_venta": 592.22,
  "timestamp": 1772256323.5889695,
  "human_date": "2026-02-28 05:25:27"
}