{
  "dolar": 382.6318,
  "euro": 451.87667684,
  "usdt": 550.998,
  "timestamp": 1770445697.4020262,
  "human_date": "2026-02-07 06:28:19"
}