{
  "dolar": 417.3579,
  "euro": 493.11253242,
  "usdt": 616.65,
  "usdt_promedio_compra": 627.47,
  "usdt_promedio_venta": 589.36,
  "timestamp": 1772184613.9989808,
  "human_date": "2026-02-27 09:30:18"
}