{
  "dolar": 396.3674,
  "euro": 470.28199275,
  "usdt": 533.997,
  "usdt_promedio_compra": 535.52,
  "usdt_promedio_venta": 526.22,
  "timestamp": 1771290385.0426757,
  "human_date": "2026-02-17 01:06:29"
}