{
  "dolar": 396.3674,
  "euro": 470.28199275,
  "usdt": 537.49,
  "usdt_promedio_compra": 540.1,
  "usdt_promedio_venta": 532.3,
  "timestamp": 1771190072.6382103,
  "human_date": "2026-02-15 21:14:36"
}