{
  "dolar": 382.6318,
  "euro": 451.87667684,
  "usdt": 548.99,
  "timestamp": 1770473795.706951,
  "human_date": "2026-02-07 14:16:36"
}