{
  "dolar": 382.6318,
  "euro": 451.87667684,
  "usdt": 541.9,
  "timestamp": 1770491745.6665447,
  "human_date": "2026-02-07 19:15:47"
}