{
  "dolar": 414.0455,
  "euro": 488.60267318,
  "usdt": 616.5,
  "usdt_promedio_compra": 617.36,
  "usdt_promedio_venta": 609.22,
  "timestamp": 1772128230.2300968,
  "human_date": "2026-02-26 17:50:35"
}