{
  "dolar": 405.3518,
  "euro": 476.70587735,
  "usdt": 577.5,
  "usdt_promedio_compra": 578.89,
  "usdt_promedio_venta": 571.12,
  "timestamp": 1771625613.8954556,
  "human_date": "2026-02-20 22:13:39"
}