{
  "dolar": 411.0857,
  "euro": 483.91775346,
  "usdt": 620.935,
  "usdt_promedio_compra": 622.17,
  "usdt_promedio_venta": 613.31,
  "timestamp": 1771975243.8770516,
  "human_date": "2026-02-24 23:20:48"
}