{
  "dolar": 402.3343,
  "euro": 472.83131604,
  "usdt": 582.8,
  "usdt_promedio_compra": 585.76,
  "usdt_promedio_venta": 568.22,
  "timestamp": 1771583194.133701,
  "human_date": "2026-02-20 10:26:38"
}