{
  "dolar": 396.3674,
  "euro": 470.28199275,
  "usdt": 535.44,
  "usdt_promedio_compra": 552.01,
  "usdt_promedio_venta": 471.16,
  "timestamp": 1771403536.880401,
  "human_date": "2026-02-18 08:32:21"
}