{
  "dolar": 405.3518,
  "euro": 476.70587735,
  "usdt": 569.99,
  "usdt_promedio_compra": 572.27,
  "usdt_promedio_venta": 562.24,
  "timestamp": 1771769796.1395528,
  "human_date": "2026-02-22 14:16:40"
}