{
  "dolar": 417.3579,
  "euro": 493.11253242,
  "usdt": 612.96,
  "usdt_promedio_compra": 614.02,
  "usdt_promedio_venta": 607.58,
  "timestamp": 1772200284.6629715,
  "human_date": "2026-02-27 13:51:29"
}