{
  "dolar": 405.3518,
  "euro": 476.70587735,
  "usdt": 571.1,
  "usdt_promedio_compra": 573.24,
  "usdt_promedio_venta": 566.42,
  "timestamp": 1771711929.2402916,
  "human_date": "2026-02-21 22:12:14"
}