{
  "dolar": 382.6318,
  "euro": 451.87667684,
  "usdt": 545.5,
  "timestamp": 1770549269.033073,
  "human_date": "2026-02-08 11:14:30"
}