{
  "dolar": 382.6318,
  "euro": 451.87667684,
  "usdt": 544.997,
  "timestamp": 1770571047.4306962,
  "human_date": "2026-02-08 17:17:28"
}