{
  "dolar": 396.3674,
  "euro": 470.28199275,
  "usdt": 537.999,
  "usdt_promedio_compra": 539.09,
  "usdt_promedio_venta": 532.76,
  "timestamp": 1771250308.493475,
  "human_date": "2026-02-16 13:58:33"
}