{
  "dolar": 405.3518,
  "euro": 476.70587735,
  "usdt": 574.44,
  "usdt_promedio_compra": 575.6,
  "usdt_promedio_venta": 563.41,
  "timestamp": 1771646160.9655964,
  "human_date": "2026-02-21 03:56:05"
}