{
  "dolar": 405.3518,
  "euro": 476.70587735,
  "usdt": 586.5,
  "usdt_promedio_compra": 588.75,
  "usdt_promedio_venta": 580.36,
  "timestamp": 1771876202.1299193,
  "human_date": "2026-02-23 19:50:07"
}