{
  "dolar": 385.272,
  "euro": 458.8782156,
  "usdt": 544.9,
  "timestamp": 1770732928.578726,
  "human_date": "2026-02-10 14:15:29"
}