{
  "dolar": 396.3674,
  "euro": 470.28199275,
  "usdt": 534.5,
  "usdt_promedio_compra": 535.85,
  "usdt_promedio_venta": 527.76,
  "timestamp": 1771376931.256437,
  "human_date": "2026-02-18 01:08:56"
}