{
  "dolar": 405.3518,
  "euro": 476.70587735,
  "usdt": 569.0,
  "usdt_promedio_compra": 577.41,
  "usdt_promedio_venta": 556.84,
  "timestamp": 1771843142.7787986,
  "human_date": "2026-02-23 10:39:07"
}