{
  "dolar": 417.3579,
  "euro": 493.11253242,
  "usdt": 618.0,
  "usdt_promedio_compra": 631.05,
  "usdt_promedio_venta": 587.39,
  "timestamp": 1772180949.0380435,
  "human_date": "2026-02-27 08:29:14"
}