{
  "dolar": 396.3674,
  "euro": 470.28199275,
  "usdt": 535.0,
  "usdt_promedio_compra": 539.95,
  "usdt_promedio_venta": 531.73,
  "timestamp": 1771423216.896274,
  "human_date": "2026-02-18 14:00:21"
}