{
  "dolar": 414.0455,
  "euro": 488.60267318,
  "usdt": 614.9,
  "usdt_promedio_compra": 616.49,
  "usdt_promedio_venta": 609.75,
  "timestamp": 1772120542.10904,
  "human_date": "2026-02-26 15:42:26"
}