{
  "dolar": 393.2216,
  "euro": 467.33207495,
  "usdt": 536.0,
  "usdt_promedio_compra": 539.38,
  "usdt_promedio_venta": 530.98,
  "timestamp": 1770990840.026282,
  "human_date": "2026-02-13 13:54:04"
}