{
  "dolar": 402.3343,
  "euro": 472.83131604,
  "usdt": 578.5,
  "usdt_promedio_compra": 579.41,
  "usdt_promedio_venta": 570.21,
  "timestamp": 1771622038.8651872,
  "human_date": "2026-02-20 21:14:03"
}