{
  "dolar": 405.3518,
  "euro": 476.70587735,
  "usdt": 565.5,
  "usdt_promedio_compra": 568.29,
  "usdt_promedio_venta": 560.7,
  "timestamp": 1771794855.837841,
  "human_date": "2026-02-22 21:14:20"
}