{
  "dolar": 385.272,
  "euro": 458.8782156,
  "usdt": 544.965,
  "timestamp": 1770675895.0068312,
  "human_date": "2026-02-09 22:24:56"
}