{
  "dolar": 407.3786,
  "euro": 480.80451886,
  "usdt": 599.1,
  "usdt_promedio_compra": 609.75,
  "usdt_promedio_venta": 581.85,
  "timestamp": 1771925999.0796463,
  "human_date": "2026-02-24 09:40:03"
}