{
  "dolar": 396.3674,
  "euro": 470.28199275,
  "usdt": 537.5,
  "usdt_promedio_compra": 539.46,
  "usdt_promedio_venta": 530.52,
  "timestamp": 1771172150.848727,
  "human_date": "2026-02-15 16:15:55"
}