{
  "dolar": 381.1074,
  "euro": 449.85917496,
  "usdt": 555.45,
  "timestamp": 1770409258.0966122,
  "human_date": "2026-02-06 20:20:59"
}