{
  "dolar": 411.0857,
  "euro": 483.91775346,
  "usdt": 619.499,
  "usdt_promedio_compra": 621.75,
  "usdt_promedio_venta": 612.56,
  "timestamp": 1771981842.302419,
  "human_date": "2026-02-25 01:10:46"
}