{
  "dolar": 396.3674,
  "euro": 470.28199275,
  "usdt": 533.996,
  "usdt_promedio_compra": 534.9,
  "usdt_promedio_venta": 526.85,
  "timestamp": 1771366737.820382,
  "human_date": "2026-02-17 22:19:02"
}