{
  "dolar": 396.3674,
  "euro": 470.28199275,
  "usdt": 534.95,
  "usdt_promedio_compra": 536.14,
  "usdt_promedio_venta": 528.91,
  "timestamp": 1771336765.6383307,
  "human_date": "2026-02-17 13:59:29"
}