{
  "dolar": 407.3786,
  "euro": 480.80451886,
  "usdt": 619.45,
  "usdt_promedio_compra": 624.18,
  "usdt_promedio_venta": 610.84,
  "timestamp": 1771955364.8200448,
  "human_date": "2026-02-24 17:49:29"
}