{
  "dolar": 396.3674,
  "euro": 470.28199275,
  "usdt": 539.999,
  "usdt_promedio_compra": 541.85,
  "usdt_promedio_venta": 533.16,
  "timestamp": 1771197330.649836,
  "human_date": "2026-02-15 23:15:34"
}