{
  "dolar": 385.272,
  "euro": 458.8782156,
  "usdt": 550.0,
  "timestamp": 1770746009.8153195,
  "human_date": "2026-02-10 17:53:31"
}