{
  "dolar": 382.6318,
  "euro": 451.87667684,
  "usdt": 539.989,
  "timestamp": 1770637076.6825645,
  "human_date": "2026-02-09 11:37:57"
}