{
  "dolar": 385.272,
  "euro": 458.8782156,
  "usdt": 544.0,
  "timestamp": 1770669111.934055,
  "human_date": "2026-02-09 20:31:53"
}