{
  "dolar": 396.3674,
  "euro": 470.28199275,
  "usdt": 562.799,
  "usdt_promedio_compra": 566.67,
  "usdt_promedio_venta": 554.97,
  "timestamp": 1771446416.3332837,
  "human_date": "2026-02-18 20:27:00"
}