{
  "dolar": 381.1074,
  "euro": 449.85917496,
  "usdt": 543.09,
  "timestamp": 1770363543.3485343,
  "human_date": "2026-02-06 07:39:04"
}