{
  "dolar": 417.3579,
  "euro": 493.11253242,
  "usdt": 615.097,
  "usdt_promedio_compra": 616.96,
  "usdt_promedio_venta": 609.64,
  "timestamp": 1772154203.8940246,
  "human_date": "2026-02-27 01:03:28"
}