{
  "dolar": 402.3343,
  "euro": 472.83131604,
  "usdt": 582.0,
  "usdt_promedio_compra": 583.83,
  "usdt_promedio_venta": 573.54,
  "timestamp": 1771586575.3142142,
  "human_date": "2026-02-20 11:23:00"
}