{
  "dolar": 405.3518,
  "euro": 476.70587735,
  "usdt": 572.0,
  "usdt_promedio_compra": 578.72,
  "usdt_promedio_venta": 549.37,
  "timestamp": 1771751963.0713105,
  "human_date": "2026-02-22 09:19:27"
}