{
  "dolar": 396.3674,
  "euro": 470.28199275,
  "usdt": 534.25,
  "usdt_promedio_compra": 534.92,
  "usdt_promedio_venta": 528.34,
  "timestamp": 1771370316.9273467,
  "human_date": "2026-02-17 23:18:41"
}