{
  "dolar": 396.3674,
  "euro": 470.28199275,
  "usdt": 535.44,
  "usdt_promedio_compra": 546.7,
  "usdt_promedio_venta": 506.44,
  "timestamp": 1771407330.2709515,
  "human_date": "2026-02-18 09:35:34"
}