{
  "dolar": 419.9873,
  "euro": 495.60601336,
  "usdt": 607.8,
  "usdt_promedio_compra": 636.08,
  "usdt_promedio_venta": 589.13,
  "timestamp": 1772273540.0169747,
  "human_date": "2026-02-28 10:12:24"
}