{
  "dolar": 396.3674,
  "euro": 470.28199275,
  "usdt": 532.34,
  "usdt_promedio_compra": 533.54,
  "usdt_promedio_venta": 526.45,
  "timestamp": 1771085758.5616863,
  "human_date": "2026-02-14 16:16:03"
}