{
  "dolar": 396.3674,
  "euro": 470.28199275,
  "usdt": 536.0,
  "usdt_promedio_compra": 537.42,
  "usdt_promedio_venta": 530.75,
  "timestamp": 1771342828.3403218,
  "human_date": "2026-02-17 15:40:32"
}