{
  "dolar": 414.0455,
  "euro": 488.60267318,
  "usdt": 613.0,
  "usdt_promedio_compra": 614.81,
  "usdt_promedio_venta": 603.68,
  "timestamp": 1772058043.1068575,
  "human_date": "2026-02-25 22:20:47"
}