{
  "dolar": 405.3518,
  "euro": 476.70587735,
  "usdt": 569.99,
  "usdt_promedio_compra": 571.97,
  "usdt_promedio_venta": 561.44,
  "timestamp": 1771773285.340877,
  "human_date": "2026-02-22 15:14:50"
}