{
  "dolar": 398.7456,
  "euro": 471.4169856,
  "usdt": 572.0,
  "usdt_promedio_compra": 574.89,
  "usdt_promedio_venta": 563.97,
  "timestamp": 1771500620.6023624,
  "human_date": "2026-02-19 11:30:25"
}