{
  "dolar": 411.0857,
  "euro": 483.91775346,
  "usdt": 623.0,
  "usdt_promedio_compra": 646.79,
  "usdt_promedio_venta": 609.54,
  "timestamp": 1772012470.7306812,
  "human_date": "2026-02-25 09:41:15"
}