{
  "dolar": 382.6318,
  "euro": 451.87667684,
  "usdt": 544.9,
  "timestamp": 1770502444.547434,
  "human_date": "2026-02-07 22:14:05"
}