{
  "dolar": 405.3518,
  "euro": 476.70587735,
  "usdt": 576.48,
  "usdt_promedio_compra": 587.82,
  "usdt_promedio_venta": 556.53,
  "timestamp": 1771658643.0362046,
  "human_date": "2026-02-21 07:24:07"
}