{
  "dolar": 396.3674,
  "euro": 470.28199275,
  "usdt": 555.0,
  "usdt_promedio_compra": 558.93,
  "usdt_promedio_venta": 547.11,
  "timestamp": 1771439817.4481664,
  "human_date": "2026-02-18 18:37:01"
}