{
  "dolar": 398.7456,
  "euro": 471.4169856,
  "usdt": 574.5,
  "usdt_promedio_compra": 587.57,
  "usdt_promedio_venta": 545.86,
  "timestamp": 1771486894.8816414,
  "human_date": "2026-02-19 07:41:39"
}