{
  "dolar": 411.0857,
  "euro": 483.91775346,
  "usdt": 623.398,
  "usdt_promedio_compra": 646.21,
  "usdt_promedio_venta": 601.93,
  "timestamp": 1772005437.997978,
  "human_date": "2026-02-25 07:44:02"
}