{
  "dolar": 407.3786,
  "euro": 480.80451886,
  "usdt": 598.951,
  "usdt_promedio_compra": 600.96,
  "usdt_promedio_venta": 589.95,
  "timestamp": 1771885786.0420196,
  "human_date": "2026-02-23 22:29:50"
}