{
  "dolar": 378.4582,
  "euro": 447.21648577,
  "usdt": 532.8,
  "timestamp": 1770280756.235656,
  "human_date": "2026-02-05 08:39:17"
}