{
  "dolar": 396.3674,
  "euro": 470.28199275,
  "usdt": 537.5,
  "usdt_promedio_compra": 542.35,
  "usdt_promedio_venta": 530.96,
  "timestamp": 1771165075.3059382,
  "human_date": "2026-02-15 14:17:59"
}