{
  "dolar": 396.3674,
  "euro": 470.28199275,
  "usdt": 535.44,
  "usdt_promedio_compra": 539.53,
  "usdt_promedio_venta": 523.64,
  "timestamp": 1771410780.9492128,
  "human_date": "2026-02-18 10:33:05"
}