{
  "dolar": 382.6318,
  "euro": 451.87667684,
  "usdt": 544.4,
  "timestamp": 1770495225.605263,
  "human_date": "2026-02-07 20:13:46"
}