{
  "dolar": 398.7456,
  "euro": 471.4169856,
  "usdt": 574.0,
  "usdt_promedio_compra": 584.41,
  "usdt_promedio_venta": 550.26,
  "timestamp": 1771480276.8719304,
  "human_date": "2026-02-19 05:51:21"
}