{
  "dolar": 398.7456,
  "euro": 471.4169856,
  "usdt": 583.95,
  "usdt_promedio_compra": 586.65,
  "usdt_promedio_venta": 578.62,
  "timestamp": 1771536110.8850243,
  "human_date": "2026-02-19 21:21:55"
}