{
  "dolar": 414.0455,
  "euro": 488.60267318,
  "usdt": 613.851,
  "usdt_promedio_compra": 616.2,
  "usdt_promedio_venta": 608.76,
  "timestamp": 1772134544.0942047,
  "human_date": "2026-02-26 19:35:48"
}