{
  "dolar": 382.6318,
  "euro": 451.87667684,
  "usdt": 545.8,
  "timestamp": 1770545676.4621193,
  "human_date": "2026-02-08 10:14:37"
}