{
  "dolar": 402.3343,
  "euro": 472.83131604,
  "usdt": 577.0,
  "usdt_promedio_compra": 579.17,
  "usdt_promedio_venta": 570.27,
  "timestamp": 1771615786.2939682,
  "human_date": "2026-02-20 19:29:50"
}