{
  "dolar": 407.3786,
  "euro": 480.80451886,
  "usdt": 599.1,
  "usdt_promedio_compra": 634.04,
  "usdt_promedio_venta": 581.89,
  "timestamp": 1771912306.547068,
  "human_date": "2026-02-24 05:51:51"
}