{
  "dolar": 405.3518,
  "euro": 476.70587735,
  "usdt": 576.48,
  "usdt_promedio_compra": 586.38,
  "usdt_promedio_venta": 556.84,
  "timestamp": 1771661850.4496357,
  "human_date": "2026-02-21 08:17:34"
}