{
  "dolar": 381.1074,
  "euro": 449.85917496,
  "usdt": 543.09,
  "timestamp": 1770370333.366864,
  "human_date": "2026-02-06 09:32:14"
}