{
  "dolar": 396.3674,
  "euro": 470.28199275,
  "usdt": 535.44,
  "usdt_promedio_compra": 565.47,
  "usdt_promedio_venta": 462.96,
  "timestamp": 1771400555.3030667,
  "human_date": "2026-02-18 07:42:39"
}