{
  "dolar": 382.6318,
  "euro": 451.87667684,
  "usdt": 545.8,
  "timestamp": 1770524672.068156,
  "human_date": "2026-02-08 04:24:32"
}