{
  "dolar": 396.3674,
  "euro": 470.28199275,
  "usdt": 536.8,
  "usdt_promedio_compra": 537.67,
  "usdt_promedio_venta": 532.97,
  "timestamp": 1771266507.3686917,
  "human_date": "2026-02-16 18:28:31"
}