{
  "dolar": 402.3343,
  "euro": 472.83131604,
  "usdt": 583.99,
  "usdt_promedio_compra": 595.27,
  "usdt_promedio_venta": 549.2,
  "timestamp": 1771569621.5407765,
  "human_date": "2026-02-20 06:40:25"
}