{
  "dolar": 396.3674,
  "euro": 470.28199275,
  "usdt": 536.0,
  "usdt_promedio_compra": 537.48,
  "usdt_promedio_venta": 532.16,
  "timestamp": 1771263046.8472483,
  "human_date": "2026-02-16 17:30:51"
}