{
  "dolar": 396.3674,
  "euro": 470.28199275,
  "usdt": 538.999,
  "usdt_promedio_compra": 542.1,
  "usdt_promedio_venta": 532.38,
  "timestamp": 1771241542.418032,
  "human_date": "2026-02-16 11:32:26"
}