{
  "dolar": 402.3343,
  "euro": 472.83131604,
  "usdt": 584.0,
  "usdt_promedio_compra": 586.52,
  "usdt_promedio_venta": 577.13,
  "timestamp": 1771543201.038584,
  "human_date": "2026-02-19 23:20:06"
}