{
  "dolar": 402.3343,
  "euro": 472.83131604,
  "usdt": 569.777,
  "usdt_promedio_compra": 575.16,
  "usdt_promedio_venta": 564.02,
  "timestamp": 1771604707.521619,
  "human_date": "2026-02-20 16:25:12"
}