{
  "dolar": 396.3674,
  "euro": 470.28199275,
  "usdt": 534.49,
  "usdt_promedio_compra": 556.32,
  "usdt_promedio_venta": 501.0,
  "timestamp": 1771060835.6217484,
  "human_date": "2026-02-14 09:20:40"
}