{
  "dolar": 393.2216,
  "euro": 467.33207495,
  "usdt": 545.0,
  "usdt_promedio_compra": 546.68,
  "usdt_promedio_venta": 538.13,
  "timestamp": 1770938341.203723,
  "human_date": "2026-02-12 23:19:06"
}