{
  "dolar": 417.3579,
  "euro": 493.11253242,
  "usdt": 614.9,
  "usdt_promedio_compra": 615.91,
  "usdt_promedio_venta": 609.3,
  "timestamp": 1772144506.547936,
  "human_date": "2026-02-26 22:21:50"
}