{
  "dolar": 417.3579,
  "euro": 493.11253242,
  "usdt": 608.0,
  "usdt_promedio_compra": 609.49,
  "usdt_promedio_venta": 601.41,
  "timestamp": 1772206135.973762,
  "human_date": "2026-02-27 15:29:00"
}