{
  "dolar": 411.0857,
  "euro": 483.91775346,
  "usdt": 610.995,
  "usdt_promedio_compra": 613.51,
  "usdt_promedio_venta": 605.23,
  "timestamp": 1772054741.5317895,
  "human_date": "2026-02-25 21:25:45"
}