{
  "dolar": 382.6318,
  "euro": 451.87667684,
  "usdt": 545.8,
  "timestamp": 1770542411.774759,
  "human_date": "2026-02-08 09:20:13"
}