{
  "dolar": 419.9873,
  "euro": 495.60601336,
  "usdt": 607.8,
  "usdt_promedio_compra": 609.74,
  "usdt_promedio_venta": 601.47,
  "timestamp": 1772281328.2896295,
  "human_date": "2026-02-28 12:22:12"
}