{
  "dolar": 378.4582,
  "euro": 447.21648577,
  "usdt": 531.0,
  "timestamp": 1770243819.3156242,
  "human_date": "2026-02-04 22:23:40"
}