{
  "dolar": 382.6318,
  "euro": 451.87667684,
  "usdt": 544.3,
  "timestamp": 1770513826.9945831,
  "human_date": "2026-02-08 01:23:48"
}