{
  "dolar": 388.7394,
  "euro": 462.78259351,
  "usdt": 548.37,
  "timestamp": 1770835608.6855636,
  "human_date": "2026-02-11 18:46:49"
}