{
  "dolar": 396.3674,
  "euro": 470.28199275,
  "usdt": 533.7,
  "usdt_promedio_compra": 568.39,
  "usdt_promedio_venta": 474.68,
  "timestamp": 1771137449.516617,
  "human_date": "2026-02-15 06:37:34"
}