{
  "dolar": 417.3579,
  "euro": 493.11253242,
  "usdt": 609.0,
  "usdt_promedio_compra": 611.17,
  "usdt_promedio_venta": 603.42,
  "timestamp": 1772213096.6983895,
  "human_date": "2026-02-27 17:25:06"
}