{
  "dolar": 390.2944,
  "euro": 463.0843056,
  "usdt": 553.0,
  "usdt_promedio_compra": 575.32,
  "usdt_promedio_venta": 528.57,
  "timestamp": 1770879353.938227,
  "human_date": "2026-02-12 06:55:58"
}