{
  "dolar": 396.3674,
  "euro": 470.28199275,
  "usdt": 536.0,
  "usdt_promedio_compra": 539.5,
  "usdt_promedio_venta": 504.94,
  "timestamp": 1771387807.630745,
  "human_date": "2026-02-18 04:10:11"
}