{
  "dolar": 381.1074,
  "euro": 449.85917496,
  "usdt": 542.0,
  "timestamp": 1770338126.776521,
  "human_date": "2026-02-06 00:35:28"
}