{
  "dolar": 396.3674,
  "euro": 470.28199275,
  "usdt": 532.9,
  "usdt_promedio_compra": 534.57,
  "usdt_promedio_venta": 524.91,
  "timestamp": 1771031038.6352046,
  "human_date": "2026-02-14 01:04:02"
}