{
  "dolar": 388.7394,
  "euro": 462.78259351,
  "usdt": 550.0,
  "timestamp": 1770798907.2660148,
  "human_date": "2026-02-11 08:35:08"
}