{
  "dolar": 405.3518,
  "euro": 476.70587735,
  "usdt": 579.999,
  "usdt_promedio_compra": 585.44,
  "usdt_promedio_venta": 572.71,
  "timestamp": 1771864935.290807,
  "human_date": "2026-02-23 16:42:19"
}