{
  "dolar": 382.6318,
  "euro": 451.87667684,
  "usdt": 550.998,
  "timestamp": 1770449037.2787714,
  "human_date": "2026-02-07 07:23:58"
}