{
  "dolar": 405.3518,
  "euro": 476.70587735,
  "usdt": 569.5,
  "usdt_promedio_compra": 576.62,
  "usdt_promedio_venta": 563.26,
  "timestamp": 1771850184.913053,
  "human_date": "2026-02-23 12:36:29"
}