{
  "dolar": 382.6318,
  "euro": 451.87667684,
  "usdt": 544.2,
  "timestamp": 1770484660.3810837,
  "human_date": "2026-02-07 17:17:41"
}