{
  "dolar": 417.3579,
  "euro": 493.11253242,
  "usdt": 618.0,
  "usdt_promedio_compra": 629.0,
  "usdt_promedio_venta": 587.4,
  "timestamp": 1772174290.279724,
  "human_date": "2026-02-27 06:38:14"
}