{
  "dolar": 405.3518,
  "euro": 476.70587735,
  "usdt": 564.997,
  "usdt_promedio_compra": 566.21,
  "usdt_promedio_venta": 559.41,
  "timestamp": 1771787812.7137814,
  "human_date": "2026-02-22 19:16:57"
}