{
  "dolar": 388.7394,
  "euro": 462.78259351,
  "usdt": 551.0,
  "timestamp": 1770824927.9662323,
  "human_date": "2026-02-11 15:48:48"
}