{
  "dolar": 411.0857,
  "euro": 483.91775346,
  "usdt": 613.0,
  "usdt_promedio_compra": 614.98,
  "usdt_promedio_venta": 604.22,
  "timestamp": 1772028116.4716141,
  "human_date": "2026-02-25 14:02:00"
}