{
  "dolar": 390.2944,
  "euro": 463.0843056,
  "usdt": 543.989,
  "usdt_promedio_compra": 546.69,
  "usdt_promedio_venta": 538.58,
  "timestamp": 1770927751.2241478,
  "human_date": "2026-02-12 20:22:36"
}