{
  "dolar": 405.3518,
  "euro": 476.70587735,
  "usdt": 574.0,
  "usdt_promedio_compra": 574.77,
  "usdt_promedio_venta": 567.29,
  "timestamp": 1771708352.7271607,
  "human_date": "2026-02-21 21:12:37"
}