{
  "dolar": 396.3674,
  "euro": 470.28199275,
  "usdt": 533.5,
  "usdt_promedio_compra": 535.19,
  "usdt_promedio_venta": 527.19,
  "timestamp": 1771103636.1643953,
  "human_date": "2026-02-14 21:14:00"
}