{
  "dolar": 396.3674,
  "euro": 470.28199275,
  "usdt": 542.497,
  "usdt_promedio_compra": 547.69,
  "usdt_promedio_venta": 537.81,
  "timestamp": 1771429203.7511413,
  "human_date": "2026-02-18 15:40:07"
}