{
  "dolar": 385.272,
  "euro": 458.8782156,
  "usdt": 550.0,
  "timestamp": 1770716909.0389473,
  "human_date": "2026-02-10 09:48:30"
}