{
  "dolar": 382.6318,
  "euro": 451.87667684,
  "usdt": 545.0,
  "timestamp": 1770623258.8498075,
  "human_date": "2026-02-09 07:47:40"
}