{
  "dolar": 385.272,
  "euro": 458.8782156,
  "usdt": 553.8,
  "timestamp": 1770742472.8983986,
  "human_date": "2026-02-10 16:54:34"
}