{
  "dolar": 396.3674,
  "euro": 470.28199275,
  "usdt": 535.5,
  "usdt_promedio_compra": 584.79,
  "usdt_promedio_venta": 499.23,
  "timestamp": 1771310630.981792,
  "human_date": "2026-02-17 06:43:55"
}