{
  "dolar": 378.4582,
  "euro": 447.21648577,
  "usdt": 531.995,
  "timestamp": 1770256332.5904176,
  "human_date": "2026-02-05 01:52:13"
}