{
  "dolar": 385.272,
  "euro": 458.8782156,
  "usdt": 551.85,
  "timestamp": 1770755618.799373,
  "human_date": "2026-02-10 20:33:40"
}