{
  "dolar": 382.6318,
  "euro": 451.87667684,
  "usdt": 550.998,
  "timestamp": 1770452248.5262127,
  "human_date": "2026-02-07 08:17:29"
}