{
  "dolar": 381.1074,
  "euro": 449.85917496,
  "usdt": 554.0,
  "timestamp": 1770391799.0168228,
  "human_date": "2026-02-06 15:30:00"
}