{
  "dolar": 411.0857,
  "euro": 483.91775346,
  "usdt": 623.398,
  "usdt_promedio_compra": 668.83,
  "usdt_promedio_venta": 602.07,
  "timestamp": 1771998824.9090378,
  "human_date": "2026-02-25 05:53:49"
}