{
  "dolar": 396.3674,
  "euro": 470.28199275,
  "usdt": 533.555,
  "usdt_promedio_compra": 534.91,
  "usdt_promedio_venta": 525.42,
  "timestamp": 1771024811.745625,
  "human_date": "2026-02-13 23:20:16"
}