{
  "dolar": 396.3674,
  "euro": 470.28199275,
  "usdt": 535.1,
  "usdt_promedio_compra": 536.88,
  "usdt_promedio_venta": 524.18,
  "timestamp": 1771283920.2433755,
  "human_date": "2026-02-16 23:18:45"
}