{
  "dolar": 417.3579,
  "euro": 493.11253242,
  "usdt": 614.9,
  "usdt_promedio_compra": 618.43,
  "usdt_promedio_venta": 600.32,
  "timestamp": 1772187989.9652894,
  "human_date": "2026-02-27 10:26:34"
}