{
  "dolar": 405.3518,
  "euro": 476.70587735,
  "usdt": 574.777,
  "usdt_promedio_compra": 576.63,
  "usdt_promedio_venta": 567.82,
  "timestamp": 1771635731.2938776,
  "human_date": "2026-02-21 01:02:16"
}