{
  "dolar": 414.0455,
  "euro": 488.60267318,
  "usdt": 614.999,
  "usdt_promedio_compra": 616.11,
  "usdt_promedio_venta": 609.85,
  "timestamp": 1772137481.1335099,
  "human_date": "2026-02-26 20:24:45"
}