{
  "dolar": 388.7394,
  "euro": 462.78259351,
  "usdt": 551.8,
  "timestamp": 1770809773.557221,
  "human_date": "2026-02-11 11:36:15"
}