{
  "dolar": 381.1074,
  "euro": 449.85917496,
  "usdt": 558.8,
  "timestamp": 1770412824.5340874,
  "human_date": "2026-02-06 21:20:25"
}