{
  "dolar": 385.272,
  "euro": 458.8782156,
  "usdt": 549.0,
  "timestamp": 1770712657.684831,
  "human_date": "2026-02-10 08:37:38"
}