{
  "dolar": 405.3518,
  "euro": 476.70587735,
  "usdt": 572.0,
  "usdt_promedio_compra": 575.75,
  "usdt_promedio_venta": 560.21,
  "timestamp": 1771755275.364136,
  "human_date": "2026-02-22 10:14:40"
}