{
  "dolar": 396.3674,
  "euro": 470.28199275,
  "usdt": 536.8,
  "usdt_promedio_compra": 538.02,
  "usdt_promedio_venta": 532.73,
  "timestamp": 1771273061.739516,
  "human_date": "2026-02-16 20:17:46"
}