{
  "dolar": 396.3674,
  "euro": 470.28199275,
  "usdt": 536.48,
  "usdt_promedio_compra": 537.72,
  "usdt_promedio_venta": 532.88,
  "timestamp": 1771269949.3321886,
  "human_date": "2026-02-16 19:25:54"
}