{
  "dolar": 419.9873,
  "euro": 495.60601336,
  "usdt": 607.8,
  "usdt_promedio_compra": 640.74,
  "usdt_promedio_venta": 589.87,
  "timestamp": 1772270168.821835,
  "human_date": "2026-02-28 09:16:13"
}