{
  "dolar": 396.3674,
  "euro": 470.28199275,
  "usdt": 540.351,
  "usdt_promedio_compra": 544.67,
  "usdt_promedio_venta": 533.57,
  "timestamp": 1771168489.4100418,
  "human_date": "2026-02-15 15:14:53"
}