{
  "dolar": 382.6318,
  "euro": 451.87667684,
  "usdt": 546.0,
  "timestamp": 1770657982.6399448,
  "human_date": "2026-02-09 17:26:23"
}