{
  "dolar": 382.6318,
  "euro": 451.87667684,
  "usdt": 549.0,
  "timestamp": 1770530099.9985042,
  "human_date": "2026-02-08 05:55:01"
}