{
  "dolar": 407.3786,
  "euro": 480.80451886,
  "usdt": 621.799,
  "usdt_promedio_compra": 625.12,
  "usdt_promedio_venta": 613.64,
  "timestamp": 1771962167.157152,
  "human_date": "2026-02-24 19:42:51"
}