{
  "dolar": 382.6318,
  "euro": 451.87667684,
  "usdt": 544.0,
  "timestamp": 1770557866.466741,
  "human_date": "2026-02-08 13:37:47"
}