{
  "dolar": 396.3674,
  "euro": 470.28199275,
  "usdt": 532.0,
  "usdt_promedio_compra": 533.96,
  "usdt_promedio_venta": 523.8,
  "timestamp": 1771117804.8821383,
  "human_date": "2026-02-15 01:10:09"
}