{
  "dolar": 381.1074,
  "euro": 449.85917496,
  "usdt": 543.09,
  "timestamp": 1770373735.6379983,
  "human_date": "2026-02-06 10:28:57"
}