{
  "dolar": 402.3343,
  "euro": 472.83131604,
  "usdt": 569.7,
  "usdt_promedio_compra": 572.15,
  "usdt_promedio_venta": 560.88,
  "timestamp": 1771601333.983232,
  "human_date": "2026-02-20 15:28:59"
}