{
  "dolar": 398.7456,
  "euro": 471.4169856,
  "usdt": 574.999,
  "usdt_promedio_compra": 577.37,
  "usdt_promedio_venta": 567.64,
  "timestamp": 1771515441.2521322,
  "human_date": "2026-02-19 15:37:25"
}