{
  "dolar": 396.3674,
  "euro": 470.28199275,
  "usdt": 533.98,
  "usdt_promedio_compra": 536.98,
  "usdt_promedio_venta": 508.88,
  "timestamp": 1771154052.9216764,
  "human_date": "2026-02-15 11:14:17"
}