{
  "dolar": 393.2216,
  "euro": 467.33207495,
  "usdt": 545.7,
  "usdt_promedio_compra": 546.99,
  "usdt_promedio_venta": 530.2,
  "timestamp": 1770955798.7197254,
  "human_date": "2026-02-13 04:10:02"
}