{
  "dolar": 393.2216,
  "euro": 467.33207495,
  "usdt": 545.0,
  "usdt_promedio_compra": 546.59,
  "usdt_promedio_venta": 531.92,
  "timestamp": 1770978564.3143537,
  "human_date": "2026-02-13 10:29:28"
}