{
  "dolar": 414.0455,
  "euro": 488.60267318,
  "usdt": 615.69,
  "usdt_promedio_compra": 629.4,
  "usdt_promedio_venta": 596.71,
  "timestamp": 1772091800.891423,
  "human_date": "2026-02-26 07:43:25"
}