{
  "dolar": 417.3579,
  "euro": 493.11253242,
  "usdt": 609.0,
  "usdt_promedio_compra": 612.33,
  "usdt_promedio_venta": 603.18,
  "timestamp": 1772202706.0588584,
  "human_date": "2026-02-27 14:31:50"
}