{
  "dolar": 411.0857,
  "euro": 483.91775346,
  "usdt": 609.0,
  "usdt_promedio_compra": 611.61,
  "usdt_promedio_venta": 602.09,
  "timestamp": 1772051072.718342,
  "human_date": "2026-02-25 20:24:37"
}