{
  "dolar": 396.3674,
  "euro": 470.28199275,
  "usdt": 532.7,
  "usdt_promedio_compra": 534.12,
  "usdt_promedio_venta": 527.46,
  "timestamp": 1771110813.2671497,
  "human_date": "2026-02-14 23:13:37"
}