{
  "dolar": 396.3674,
  "euro": 470.28199275,
  "usdt": 552.0,
  "usdt_promedio_compra": 561.32,
  "usdt_promedio_venta": 544.61,
  "timestamp": 1771433373.508799,
  "human_date": "2026-02-18 16:49:38"
}