{
  "dolar": 390.2944,
  "euro": 463.0843056,
  "usdt": 542.7,
  "usdt_promedio_compra": 543.97,
  "usdt_promedio_venta": 535.66,
  "timestamp": 1770918607.2951703,
  "human_date": "2026-02-12 17:50:11"
}