{
  "dolar": 382.6318,
  "euro": 451.87667684,
  "usdt": 545.0,
  "timestamp": 1770480982.0770445,
  "human_date": "2026-02-07 16:16:23"
}