{
  "dolar": 396.3674,
  "euro": 470.28199275,
  "usdt": 531.7,
  "usdt_promedio_compra": 533.35,
  "usdt_promedio_venta": 525.58,
  "timestamp": 1771076218.8262103,
  "human_date": "2026-02-14 13:37:03"
}