{
  "dolar": 405.3518,
  "euro": 476.70587735,
  "usdt": 573.0,
  "usdt_promedio_compra": 574.83,
  "usdt_promedio_venta": 569.57,
  "timestamp": 1771690531.2108853,
  "human_date": "2026-02-21 16:15:36"
}