{
  "dolar": 396.3674,
  "euro": 470.28199275,
  "usdt": 544.3,
  "usdt_promedio_compra": 563.89,
  "usdt_promedio_venta": 515.83,
  "timestamp": 1771225477.641781,
  "human_date": "2026-02-16 07:04:42"
}