{
  "dolar": 378.4582,
  "euro": 447.21648577,
  "usdt": 540.0,
  "timestamp": 1770323433.5177507,
  "human_date": "2026-02-05 20:30:34"
}