{
  "dolar": 382.6318,
  "euro": 451.87667684,
  "usdt": 540.0,
  "timestamp": 1770588947.0204859,
  "human_date": "2026-02-08 22:15:48"
}