{
  "dolar": 417.3579,
  "euro": 493.11253242,
  "usdt": 617.0,
  "usdt_promedio_compra": 628.93,
  "usdt_promedio_venta": 590.13,
  "timestamp": 1772171009.7143545,
  "human_date": "2026-02-27 05:43:34"
}