{
  "dolar": 407.3786,
  "euro": 480.80451886,
  "usdt": 599.0,
  "usdt_promedio_compra": 603.58,
  "usdt_promedio_venta": 584.69,
  "timestamp": 1771906045.9712386,
  "human_date": "2026-02-24 04:07:30"
}