{
  "dolar": 396.3674,
  "euro": 470.28199275,
  "usdt": 534.84,
  "usdt_promedio_compra": 575.21,
  "usdt_promedio_venta": 504.28,
  "timestamp": 1771307466.333832,
  "human_date": "2026-02-17 05:51:10"
}