{
  "dolar": 396.3674,
  "euro": 470.28199275,
  "usdt": 536.0,
  "usdt_promedio_compra": 537.71,
  "usdt_promedio_venta": 530.28,
  "timestamp": 1771259415.476146,
  "human_date": "2026-02-16 16:30:20"
}