{
  "dolar": 381.1074,
  "euro": 449.85917496,
  "usdt": 551.3,
  "timestamp": 1770399203.1480703,
  "human_date": "2026-02-06 17:33:24"
}